protein_name,mutations,evol_indices
OLF,wt,-0.0
OLF,G244A,12.57373
OLF,G244C,14.00415
OLF,G244D,17.181519
OLF,G244E,10.803162
OLF,G244F,5.098877
OLF,G244H,13.094116
OLF,G244I,19.550903
OLF,G244K,19.476013
OLF,G244L,22.649536
OLF,G244M,11.289795
OLF,G244N,10.482117
OLF,G244P,33.22754
OLF,G244Q,8.477051
OLF,G244R,13.705322
OLF,G244S,24.457642
OLF,G244T,10.546692
OLF,G244V,2.1176758
OLF,G244W,20.660889
OLF,G244Y,18.828247
OLF,C245A,9.600769
OLF,C245D,5.0144043
OLF,C245E,4.2089233
OLF,C245F,9.559143
OLF,C245G,12.466309
OLF,C245H,2.6187134
OLF,C245I,12.915283
OLF,C245K,7.385071
OLF,C245L,-1.6557617
OLF,C245M,5.1552734
OLF,C245N,2.0125732
OLF,C245P,7.330139
OLF,C245Q,6.7510376
OLF,C245R,-5.51709
OLF,C245S,21.42212
OLF,C245T,-4.8791504
OLF,C245V,4.2230225
OLF,C245W,12.117371
OLF,C245Y,0.18023682
OLF,G246A,-1.8071289
OLF,G246C,-3.4855957
OLF,G246D,-4.688843
OLF,G246E,8.9921875
OLF,G246F,9.512268
OLF,G246H,-1.6203613
OLF,G246I,2.3632812
OLF,G246K,-1.3127441
OLF,G246L,1.8880005
OLF,G246M,14.398682
OLF,G246N,7.744873
OLF,G246P,1.6040039
OLF,G246Q,11.335632
OLF,G246R,31.539307
OLF,G246S,7.5004883
OLF,G246T,3.3659668
OLF,G246V,8.749695
OLF,G246W,3.2023315
OLF,G246Y,4.6505737
OLF,E247A,-5.9299927
OLF,E247C,5.121765
OLF,E247D,1.5791626
OLF,E247F,14.7074585
OLF,E247G,2.9006348
OLF,E247H,0.5901489
OLF,E247I,-1.8793335
OLF,E247K,1.479248
OLF,E247L,2.114502
OLF,E247M,18.791626
OLF,E247N,8.59613
OLF,E247P,14.612549
OLF,E247Q,13.1171875
OLF,E247R,27.066223
OLF,E247S,9.222534
OLF,E247T,2.6750488
OLF,E247V,10.556885
OLF,E247W,8.368774
OLF,E247Y,4.02948
OLF,L248A,12.132629
OLF,L248C,20.614319
OLF,L248D,18.687744
OLF,L248E,13.350769
OLF,L248F,-0.30615234
OLF,L248G,6.4020996
OLF,L248H,1.0355225
OLF,L248I,-3.6044922
OLF,L248K,6.437744
OLF,L248M,9.317871
OLF,L248N,11.975159
OLF,L248P,11.023132
OLF,L248Q,7.571228
OLF,L248R,9.577148
OLF,L248S,9.264404
OLF,L248T,16.862549
OLF,L248V,4.0324097
OLF,L248W,15.795166
OLF,L248Y,13.174988
OLF,V249A,5.0776367
OLF,V249C,13.555664
OLF,V249D,5.062439
OLF,V249E,11.634705
OLF,V249F,-1.3010254
OLF,V249G,7.1119995
OLF,V249H,12.696533
OLF,V249I,8.045349
OLF,V249K,-1.4089966
OLF,V249L,-0.67767334
OLF,V249M,7.8970947
OLF,V249N,10.454956
OLF,V249P,2.2297363
OLF,V249Q,3.855957
OLF,V249R,-2.0726318
OLF,V249S,4.3049927
OLF,V249T,15.836731
OLF,V249W,27.810303
OLF,V249Y,14.248108
OLF,W250A,24.579834
OLF,W250C,18.812439
OLF,W250D,23.332031
OLF,W250E,26.55835
OLF,W250F,13.249023
OLF,W250G,15.059692
OLF,W250H,4.9277954
OLF,W250I,21.129822
OLF,W250K,9.621094
OLF,W250L,19.22522
OLF,W250M,22.03656
OLF,W250N,19.29779
OLF,W250P,12.835876
OLF,W250Q,8.552551
OLF,W250R,4.5508423
OLF,W250S,5.517456
OLF,W250T,1.0239868
OLF,W250V,16.572998
OLF,W250Y,27.163635
OLF,V251A,9.652527
OLF,V251C,19.65924
OLF,V251D,7.4246826
OLF,V251E,9.964233
OLF,V251F,7.481262
OLF,V251G,26.335205
OLF,V251H,17.85205
OLF,V251I,5.734131
OLF,V251K,14.253174
OLF,V251L,5.301758
OLF,V251M,8.847229
OLF,V251N,11.693359
OLF,V251P,32.077576
OLF,V251Q,13.701782
OLF,V251R,15.62793
OLF,V251S,20.32898
OLF,V251T,4.8859253
OLF,V251W,28.721863
OLF,V251Y,12.721252
OLF,G252A,-0.037841797
OLF,G252C,3.4592285
OLF,G252D,8.345398
OLF,G252E,21.759827
OLF,G252F,11.908325
OLF,G252H,11.935364
OLF,G252I,20.746521
OLF,G252K,6.666565
OLF,G252L,6.658325
OLF,G252M,2.5460205
OLF,G252N,-0.42974854
OLF,G252P,1.77948
OLF,G252Q,10.298706
OLF,G252R,2.4257202
OLF,G252S,-6.2730103
OLF,G252T,-0.052978516
OLF,G252V,0.1116333
OLF,G252W,5.8095093
OLF,G252Y,1.4191895
OLF,E253A,-4.635254
OLF,E253C,2.3911743
OLF,E253D,7.860718
OLF,E253F,0.440979
OLF,E253G,0.3125
OLF,E253H,5.2094727
OLF,E253I,4.688965
OLF,E253K,-4.841736
OLF,E253L,3.4052734
OLF,E253M,-0.5432739
OLF,E253N,-1.8378906
OLF,E253P,3.8686523
OLF,E253Q,-2.4954224
OLF,E253R,1.1809082
OLF,E253S,5.1778564
OLF,E253T,-1.8044434
OLF,E253V,8.072693
OLF,E253W,6.9959106
OLF,E253Y,3.1565552
OLF,P254A,-4.852783
OLF,P254C,2.0179443
OLF,P254D,15.568115
OLF,P254E,4.8393555
OLF,P254F,-0.46691895
OLF,P254G,8.073853
OLF,P254H,2.3943481
OLF,P254I,21.019287
OLF,P254K,4.7958984
OLF,P254L,10.985352
OLF,P254M,-3.1192017
OLF,P254N,9.9661255
OLF,P254Q,4.572571
OLF,P254R,4.9939575
OLF,P254S,8.098633
OLF,P254T,7.1954346
OLF,P254V,4.8338623
OLF,P254W,5.347351
OLF,P254Y,-1.838501
OLF,L255A,-15.000732
OLF,L255C,-10.462402
OLF,L255D,-0.967041
OLF,L255E,-9.026611
OLF,L255F,-13.748718
OLF,L255G,-6.669739
OLF,L255H,-10.284912
OLF,L255I,-3.409668
OLF,L255K,-5.7209473
OLF,L255M,-5.965454
OLF,L255N,8.300964
OLF,L255P,-6.946228
OLF,L255Q,-5.05719
OLF,L255R,-7.2007446
OLF,L255S,-2.9211426
OLF,L255T,4.267029
OLF,L255V,-3.135315
OLF,L255W,10.154358
OLF,L255Y,1.001648
OLF,T256A,4.489868
OLF,T256C,7.8466797
OLF,T256D,14.176941
OLF,T256E,19.822693
OLF,T256F,5.8291016
OLF,T256G,11.076538
OLF,T256H,5.6427
OLF,T256I,0.52368164
OLF,T256K,7.381836
OLF,T256L,-1.5566406
OLF,T256M,2.4067993
OLF,T256N,-1.2062378
OLF,T256P,-4.0429077
OLF,T256Q,1.7265625
OLF,T256R,5.826233
OLF,T256S,3.2357788
OLF,T256V,4.970215
OLF,T256W,4.183838
OLF,T256Y,11.77887
OLF,L257A,10.189453
OLF,L257C,1.7265015
OLF,L257D,8.733276
OLF,L257E,-3.663269
OLF,L257F,0.5395508
OLF,L257G,3.1160889
OLF,L257H,0.4727173
OLF,L257I,-9.214844
OLF,L257K,16.096924
OLF,L257M,4.3273926
OLF,L257N,17.262146
OLF,L257P,13.456177
OLF,L257Q,12.552124
OLF,L257R,11.367371
OLF,L257S,14.25293
OLF,L257T,13.278198
OLF,L257V,3.064209
OLF,L257W,13.31842
OLF,L257Y,25.906677
OLF,R258A,13.728516
OLF,R258C,20.53418
OLF,R258D,18.660034
OLF,R258E,21.2854
OLF,R258F,10.8168335
OLF,R258G,10.643066
OLF,R258H,0.873291
OLF,R258I,13.083862
OLF,R258K,16.241272
OLF,R258L,19.360168
OLF,R258M,5.8776855
OLF,R258N,6.4004517
OLF,R258P,4.274658
OLF,R258Q,7.131836
OLF,R258S,7.96344
OLF,R258T,10.408447
OLF,R258V,12.203552
OLF,R258W,17.160217
OLF,R258Y,19.142822
OLF,T259A,26.76709
OLF,T259C,16.706848
OLF,T259D,-3.9139404
OLF,T259E,-1.8725586
OLF,T259F,1.0476074
OLF,T259G,16.908691
OLF,T259H,-2.6826782
OLF,T259I,7.7996826
OLF,T259K,1.0835571
OLF,T259L,5.6157837
OLF,T259M,3.6975098
OLF,T259N,8.381592
OLF,T259P,5.7732544
OLF,T259Q,14.205078
OLF,T259R,1.6779785
OLF,T259S,11.317871
OLF,T259V,-2.301941
OLF,T259W,-4.6275635
OLF,T259Y,6.1740723
OLF,A260C,4.503601
OLF,A260D,2.8081665
OLF,A260E,-2.1469116
OLF,A260F,10.446533
OLF,A260G,0.124572754
OLF,A260H,18.8667
OLF,A260I,2.9920044
OLF,A260K,17.439453
OLF,A260L,18.846924
OLF,A260M,-3.5437012
OLF,A260N,2.6126099
OLF,A260P,12.310303
OLF,A260Q,2.0609741
OLF,A260R,3.2460938
OLF,A260S,6.1118164
OLF,A260T,-5.716736
OLF,A260V,2.2894287
OLF,A260W,-4.2684937
OLF,A260Y,-5.496399
OLF,E261A,22.859741
OLF,E261C,-6.767456
OLF,E261D,1.5462646
OLF,E261F,-7.0493164
OLF,E261G,-5.2714844
OLF,E261H,3.7158203
OLF,E261I,0.38555908
OLF,E261K,6.684204
OLF,E261L,-6.419922
OLF,E261M,0.93652344
OLF,E261N,2.672058
OLF,E261P,-8.563904
OLF,E261Q,6.9935303
OLF,E261R,13.309692
OLF,E261S,-2.9855957
OLF,E261T,1.7640381
OLF,E261V,12.839233
OLF,E261W,6.6983643
OLF,E261Y,19.618408
OLF,T262A,5.341858
OLF,T262C,1.7701416
OLF,T262D,2.4077148
OLF,T262E,-6.847107
OLF,T262F,7.6376343
OLF,T262G,-5.4953613
OLF,T262H,5.1227417
OLF,T262I,1.9747925
OLF,T262K,3.4960938
OLF,T262L,10.7146
OLF,T262M,10.204773
OLF,T262N,19.350464
OLF,T262P,13.79303
OLF,T262Q,18.058899
OLF,T262R,4.91333
OLF,T262S,21.755432
OLF,T262V,16.061584
OLF,T262W,29.98584
OLF,T262Y,23.880432
OLF,I263A,7.9883423
OLF,I263C,13.939636
OLF,I263D,25.27246
OLF,I263E,11.7752075
OLF,I263F,12.435303
OLF,I263G,15.125488
OLF,I263H,8.906738
OLF,I263K,7.880005
OLF,I263L,12.344788
OLF,I263M,7.968872
OLF,I263N,9.2630005
OLF,I263P,4.168396
OLF,I263Q,11.074097
OLF,I263R,13.335327
OLF,I263S,4.054077
OLF,I263T,2.8068237
OLF,I263V,6.791504
OLF,I263W,16.520996
OLF,I263Y,10.199097
OLF,T264A,11.160034
OLF,T264C,8.060303
OLF,T264D,15.373474
OLF,T264E,-5.8931274
OLF,T264F,-14.659668
OLF,T264G,-8.292419
OLF,T264H,-12.147217
OLF,T264I,-3.8337402
OLF,T264K,-0.49072266
OLF,T264L,-4.791748
OLF,T264M,-13.983765
OLF,T264N,-16.501282
OLF,T264P,1.4362793
OLF,T264Q,-11.906433
OLF,T264R,-1.2913208
OLF,T264S,-3.7236328
OLF,T264V,-1.4002686
OLF,T264W,-12.361084
OLF,T264Y,-13.136108
OLF,G265A,10.243713
OLF,G265C,20.483276
OLF,G265D,4.3719482
OLF,G265E,14.205383
OLF,G265F,-4.725891
OLF,G265H,0.93896484
OLF,G265I,1.7774048
OLF,G265K,4.753296
OLF,G265L,2.4069214
OLF,G265M,-2.1062622
OLF,G265N,-6.058838
OLF,G265P,-3.1508179
OLF,G265Q,1.071167
OLF,G265R,7.0376587
OLF,G265S,-4.4647827
OLF,G265T,-1.9894409
OLF,G265V,14.091553
OLF,G265W,13.06665
OLF,G265Y,11.057373
OLF,K266A,13.152954
OLF,K266C,17.029724
OLF,K266D,10.146118
OLF,K266E,20.569336
OLF,K266F,16.545044
OLF,K266G,9.434326
OLF,K266H,9.165527
OLF,K266I,2.53125
OLF,K266L,20.188599
OLF,K266M,14.737427
OLF,K266N,24.466187
OLF,K266P,10.099365
OLF,K266Q,8.779541
OLF,K266R,12.934143
OLF,K266S,6.174011
OLF,K266T,10.560364
OLF,K266V,16.273193
OLF,K266W,8.502014
OLF,K266Y,16.587036
OLF,Y267A,10.597961
OLF,Y267C,8.847595
OLF,Y267D,4.5459595
OLF,Y267E,13.655518
OLF,Y267F,-2.0342407
OLF,Y267G,7.833313
OLF,Y267H,9.241455
OLF,Y267I,14.325623
OLF,Y267K,16.71521
OLF,Y267L,10.217163
OLF,Y267M,9.26416
OLF,Y267N,0.3701172
OLF,Y267P,8.808533
OLF,Y267Q,3.5751343
OLF,Y267R,5.5446777
OLF,Y267S,-1.3485718
OLF,Y267T,4.9104004
OLF,Y267V,7.0316772
OLF,Y267W,3.0979004
OLF,G268A,11.548035
OLF,G268C,8.317688
OLF,G268D,-0.9390869
OLF,G268E,22.265808
OLF,G268F,2.968689
OLF,G268H,2.413147
OLF,G268I,8.342468
OLF,G268K,18.88379
OLF,G268L,12.015381
OLF,G268M,12.9646
OLF,G268N,4.8549805
OLF,G268P,9.114136
OLF,G268Q,10.8078
OLF,G268R,16.618652
OLF,G268S,16.832397
OLF,G268T,10.431519
OLF,G268V,9.271606
OLF,G268W,30.208801
OLF,G268Y,21.980225
OLF,V269A,4.831299
OLF,V269C,16.55426
OLF,V269D,11.220703
OLF,V269E,8.592041
OLF,V269F,38.835754
OLF,V269G,8.1970215
OLF,V269H,28.039368
OLF,V269I,28.635254
OLF,V269K,15.487549
OLF,V269L,18.364258
OLF,V269M,13.07135
OLF,V269N,17.098572
OLF,V269P,20.431213
OLF,V269Q,21.29718
OLF,V269R,19.88739
OLF,V269S,12.56189
OLF,V269T,14.619446
OLF,V269W,23.601013
OLF,V269Y,28.497803
OLF,W270A,15.591064
OLF,W270C,15.81665
OLF,W270D,7.8237305
OLF,W270E,12.428345
OLF,W270F,8.68158
OLF,W270G,23.666199
OLF,W270H,25.179443
OLF,W270I,11.171143
OLF,W270K,14.946289
OLF,W270L,14.152832
OLF,W270M,16.865967
OLF,W270N,15.193359
OLF,W270P,13.436707
OLF,W270Q,15.337158
OLF,W270R,12.670471
OLF,W270S,17.760498
OLF,W270T,10.894348
OLF,W270V,11.286621
OLF,W270Y,4.246582
OLF,M271A,6.859436
OLF,M271C,21.980652
OLF,M271D,9.606262
OLF,M271E,5.2685547
OLF,M271F,-3.4209595
OLF,M271G,-2.8822632
OLF,M271H,13.859863
OLF,M271I,10.671997
OLF,M271K,6.352112
OLF,M271L,-4.8806763
OLF,M271N,3.5856323
OLF,M271P,4.0682983
OLF,M271Q,-3.6936035
OLF,M271R,5.3618774
OLF,M271S,21.711914
OLF,M271T,5.416992
OLF,M271V,10.8828125
OLF,M271W,17.66394
OLF,M271Y,12.971863
OLF,R272A,10.195374
OLF,R272C,9.499207
OLF,R272D,0.19750977
OLF,R272E,13.168274
OLF,R272F,4.710205
OLF,R272G,10.627197
OLF,R272H,7.2715454
OLF,R272I,4.866455
OLF,R272K,-2.7526855
OLF,R272L,20.831482
OLF,R272M,10.419983
OLF,R272N,7.6378784
OLF,R272P,3.9364624
OLF,R272Q,1.3343506
OLF,R272S,4.145752
OLF,R272T,3.923584
OLF,R272V,-1.03479
OLF,R272W,10.482605
OLF,R272Y,-3.0766602
OLF,D273A,3.6564941
OLF,D273C,5.7545166
OLF,D273E,8.382935
OLF,D273F,5.3985596
OLF,D273G,7.2927856
OLF,D273H,6.623596
OLF,D273I,4.0941772
OLF,D273K,13.343933
OLF,D273L,27.94806
OLF,D273M,18.186157
OLF,D273N,17.420166
OLF,D273P,15.07605
OLF,D273Q,5.4731445
OLF,D273R,10.127808
OLF,D273S,12.060913
OLF,D273T,4.156128
OLF,D273V,22.262695
OLF,D273W,-0.49542236
OLF,D273Y,5.088867
OLF,P274A,4.9177246
OLF,P274C,3.418457
OLF,P274D,11.347473
OLF,P274E,5.2495728
OLF,P274F,15.976074
OLF,P274G,5.8775635
OLF,P274H,7.3757324
OLF,P274I,7.378723
OLF,P274K,16.93396
OLF,P274L,5.5914307
OLF,P274M,5.2507324
OLF,P274N,11.926575
OLF,P274Q,16.692017
OLF,P274R,12.087341
OLF,P274S,19.975037
OLF,P274T,12.166748
OLF,P274V,10.326172
OLF,P274W,8.794067
OLF,P274Y,7.512329
OLF,K275A,-0.54541016
OLF,K275C,4.182617
OLF,K275D,-12.920227
OLF,K275E,-11.373535
OLF,K275F,-2.5703125
OLF,K275G,-2.4603271
OLF,K275H,1.1408691
OLF,K275I,0.44647217
OLF,K275L,-6.1026
OLF,K275M,0.91186523
OLF,K275N,2.7816162
OLF,K275P,0.21038818
OLF,K275Q,-4.5859985
OLF,K275R,-1.3475952
OLF,K275S,-2.1950684
OLF,K275T,-5.318054
OLF,K275V,-3.1641846
OLF,K275W,14.523926
OLF,K275Y,0.28735352
OLF,P276A,-1.1373901
OLF,P276C,12.665649
OLF,P276D,9.409912
OLF,P276E,0.6253052
OLF,P276F,0.43652344
OLF,P276G,-3.5777588
OLF,P276H,10.64502
OLF,P276I,6.1154175
OLF,P276K,5.5689697
OLF,P276L,5.3790894
OLF,P276M,1.1898193
OLF,P276N,3.2046509
OLF,P276Q,3.2857056
OLF,P276R,6.1428223
OLF,P276S,15.720276
OLF,P276T,-0.30523682
OLF,P276V,5.2286987
OLF,P276W,13.705627
OLF,P276Y,0.5420532
OLF,T277A,-6.569336
OLF,T277C,3.7695923
OLF,T277D,-0.32788086
OLF,T277E,17.532654
OLF,T277F,-5.6173096
OLF,T277G,19.150085
OLF,T277H,1.6935425
OLF,T277I,0.64538574
OLF,T277K,9.999268
OLF,T277L,18.164795
OLF,T277M,13.218201
OLF,T277N,3.510437
OLF,T277P,-4.1243286
OLF,T277Q,2.9628906
OLF,T277R,5.121826
OLF,T277S,9.828064
OLF,T277V,5.3466187
OLF,T277W,-1.5213013
OLF,T277Y,9.460632
OLF,Y278A,4.587158
OLF,Y278C,-2.833496
OLF,Y278D,-4.4316406
OLF,Y278E,4.3725586
OLF,Y278F,6.1586914
OLF,Y278G,1.8364258
OLF,Y278H,-2.6574707
OLF,Y278I,16.08142
OLF,Y278K,-7.695801
OLF,Y278L,1.2919922
OLF,Y278M,11.965637
OLF,Y278N,2.0578613
OLF,Y278P,15.163635
OLF,Y278Q,3.3607788
OLF,Y278R,5.444824
OLF,Y278S,4.269226
OLF,Y278T,-2.2176514
OLF,Y278V,10.620178
OLF,Y278W,15.508972
OLF,P279A,23.619019
OLF,P279C,20.113525
OLF,P279D,13.796204
OLF,P279E,3.0631714
OLF,P279F,1.5610962
OLF,P279G,17.101929
OLF,P279H,12.124512
OLF,P279I,11.064453
OLF,P279K,16.748901
OLF,P279L,11.923767
OLF,P279M,9.274414
OLF,P279N,12.470032
OLF,P279Q,4.7158813
OLF,P279R,11.814087
OLF,P279S,16.752258
OLF,P279T,6.0839844
OLF,P279V,13.122253
OLF,P279W,16.796875
OLF,P279Y,5.4887085
OLF,Y280A,10.631226
OLF,Y280C,6.9765015
OLF,Y280D,12.401184
OLF,Y280E,-3.1396484
OLF,Y280F,6.4240723
OLF,Y280G,12.48114
OLF,Y280H,5.5080566
OLF,Y280I,1.5233765
OLF,Y280K,0.79467773
OLF,Y280L,12.618286
OLF,Y280M,11.926147
OLF,Y280N,20.316284
OLF,Y280P,-0.6074219
OLF,Y280Q,2.9016113
OLF,Y280R,8.182129
OLF,Y280S,7.2231445
OLF,Y280T,18.99237
OLF,Y280V,11.515625
OLF,Y280W,5.946045
OLF,T281A,-0.091796875
OLF,T281C,-0.2597046
OLF,T281D,3.4001465
OLF,T281E,-4.2529297
OLF,T281F,-1.9284668
OLF,T281G,-0.30932617
OLF,T281H,12.259644
OLF,T281I,4.793518
OLF,T281K,3.3162842
OLF,T281L,0.26342773
OLF,T281M,1.3034668
OLF,T281N,9.047241
OLF,T281P,1.4909668
OLF,T281Q,4.3251343
OLF,T281R,7.1262207
OLF,T281S,1.3547363
OLF,T281V,-2.4381104
OLF,T281W,9.177551
OLF,T281Y,-2.2890015
OLF,Q282A,-11.529297
OLF,Q282C,5.9665527
OLF,Q282D,-8.217041
OLF,Q282E,-0.5625
OLF,Q282F,1.3850098
OLF,Q282G,-6.307556
OLF,Q282H,14.533936
OLF,Q282I,-6.979004
OLF,Q282K,-10.475159
OLF,Q282L,-9.586426
OLF,Q282M,-8.249023
OLF,Q282N,6.5266724
OLF,Q282P,1.2932129
OLF,Q282R,-1.147644
OLF,Q282S,-0.65509033
OLF,Q282T,3.5117188
OLF,Q282V,7.7995605
OLF,Q282W,9.1936035
OLF,Q282Y,0.9260254
OLF,E283A,14.208679
OLF,E283C,9.396973
OLF,E283D,10.989197
OLF,E283F,11.491943
OLF,E283G,-2.3239136
OLF,E283H,-2.0286255
OLF,E283I,8.313538
OLF,E283K,5.345459
OLF,E283L,4.479248
OLF,E283M,1.9150391
OLF,E283N,5.2926636
OLF,E283P,1.4902344
OLF,E283Q,-5.407593
OLF,E283R,2.4448242
OLF,E283S,-2.7921753
OLF,E283T,-3.9588623
OLF,E283V,9.232605
OLF,E283W,5.8847656
OLF,E283Y,8.282288
OLF,T284A,20.233276
OLF,T284C,8.560486
OLF,T284D,9.913452
OLF,T284E,30.023987
OLF,T284F,5.3394165
OLF,T284G,14.242371
OLF,T284H,1.6047363
OLF,T284I,6.2927246
OLF,T284K,2.7403564
OLF,T284L,14.730225
OLF,T284M,14.835388
OLF,T284N,13.158691
OLF,T284P,8.026489
OLF,T284Q,-2.770935
OLF,T284R,-3.3031006
OLF,T284S,6.254944
OLF,T284V,7.5200806
OLF,T284W,1.7006836
OLF,T284Y,2.2218018
OLF,T285A,-1.7271729
OLF,T285C,5.096924
OLF,T285D,1.9047852
OLF,T285E,3.1068726
OLF,T285F,9.888916
OLF,T285G,12.31958
OLF,T285H,8.461426
OLF,T285I,17.380493
OLF,T285K,3.9036255
OLF,T285L,2.9849854
OLF,T285M,24.169495
OLF,T285N,14.799988
OLF,T285P,11.491394
OLF,T285Q,23.771729
OLF,T285R,23.863586
OLF,T285S,6.5147095
OLF,T285V,9.314697
OLF,T285W,6.08374
OLF,T285Y,1.7561035
OLF,W286A,20.136414
OLF,W286C,17.363037
OLF,W286D,16.381226
OLF,W286E,11.171448
OLF,W286F,-0.7327881
OLF,W286G,8.676514
OLF,W286H,21.844177
OLF,W286I,27.532898
OLF,W286K,16.28479
OLF,W286L,20.44513
OLF,W286M,7.4730225
OLF,W286N,6.4900513
OLF,W286P,6.861328
OLF,W286Q,9.914429
OLF,W286R,3.91333
OLF,W286S,8.20343
OLF,W286T,11.417114
OLF,W286V,20.84375
OLF,W286Y,2.562439
OLF,R287A,6.129883
OLF,R287C,12.244385
OLF,R287D,7.7911377
OLF,R287E,5.0876465
OLF,R287F,14.00708
OLF,R287G,12.962524
OLF,R287H,0.8132324
OLF,R287I,2.6610107
OLF,R287K,7.9714966
OLF,R287L,10.01123
OLF,R287M,17.071106
OLF,R287N,2.7355347
OLF,R287P,1.8481445
OLF,R287Q,11.522278
OLF,R287S,13.953857
OLF,R287T,7.206665
OLF,R287V,11.20697
OLF,R287W,12.561462
OLF,R287Y,3.7492065
OLF,I288A,4.95105
OLF,I288C,6.3100586
OLF,I288D,9.544617
OLF,I288E,21.849121
OLF,I288F,16.796753
OLF,I288G,13.695068
OLF,I288H,6.2283325
OLF,I288K,5.117676
OLF,I288L,12.816162
OLF,I288M,8.160706
OLF,I288N,16.800232
OLF,I288P,-2.3117676
OLF,I288Q,12.503723
OLF,I288R,8.112976
OLF,I288S,2.9091797
OLF,I288T,-0.52685547
OLF,I288V,6.9420166
OLF,I288W,0.6243286
OLF,I288Y,16.140503
OLF,D289A,7.0442505
OLF,D289C,0.015136719
OLF,D289E,13.236328
OLF,D289F,3.9650269
OLF,D289G,8.505432
OLF,D289H,6.43042
OLF,D289I,13.936279
OLF,D289K,3.5565796
OLF,D289L,13.956055
OLF,D289M,-6.029114
OLF,D289N,-3.114502
OLF,D289P,-1.7686157
OLF,D289Q,17.05542
OLF,D289R,17.385986
OLF,D289S,2.2490234
OLF,D289T,-0.6020508
OLF,D289V,5.0985107
OLF,D289W,2.4509277
OLF,D289Y,-0.3703003
OLF,T290A,3.0247803
OLF,T290C,2.3720703
OLF,T290D,19.469482
OLF,T290E,8.657593
OLF,T290F,4.657593
OLF,T290G,-0.15576172
OLF,T290H,3.4312134
OLF,T290I,18.838623
OLF,T290K,4.7472534
OLF,T290L,2.5552368
OLF,T290M,0.7822876
OLF,T290N,8.185181
OLF,T290P,5.9734497
OLF,T290Q,4.9769897
OLF,T290R,1.8948364
OLF,T290S,5.142151
OLF,T290V,16.226562
OLF,T290W,20.14624
OLF,T290Y,-2.1171265
OLF,V291A,1.7406006
OLF,V291C,5.4224243
OLF,V291D,0.6390991
OLF,V291E,3.8390503
OLF,V291F,0.57196045
OLF,V291G,8.451172
OLF,V291H,-6.07959
OLF,V291I,-6.33374
OLF,V291K,0.703125
OLF,V291L,1.7905273
OLF,V291M,-2.0333252
OLF,V291N,17.32129
OLF,V291P,6.6049194
OLF,V291Q,3.7991943
OLF,V291R,-3.536255
OLF,V291S,-13.754761
OLF,V291T,-1.9494629
OLF,V291W,-8.09021
OLF,V291Y,-1.3981323
OLF,G292A,1.0354004
OLF,G292C,6.306946
OLF,G292D,5.9832764
OLF,G292E,6.0336304
OLF,G292F,0.6231079
OLF,G292H,-7.3964844
OLF,G292I,-3.1867676
OLF,G292K,6.289917
OLF,G292L,2.948059
OLF,G292M,6.600952
OLF,G292N,4.392578
OLF,G292P,-2.5758667
OLF,G292Q,8.487671
OLF,G292R,6.60083
OLF,G292S,2.2839355
OLF,G292T,3.2037354
OLF,G292V,14.894287
OLF,G292W,21.192871
OLF,G292Y,9.879089
OLF,T293A,6.084961
OLF,T293C,23.978943
OLF,T293D,14.934387
OLF,T293E,-1.9660034
OLF,T293F,2.6010132
OLF,T293G,14.288635
OLF,T293H,2.8969727
OLF,T293I,-0.022094727
OLF,T293K,9.249451
OLF,T293L,5.9335938
OLF,T293M,4.171509
OLF,T293N,0.8218994
OLF,T293P,9.936096
OLF,T293Q,10.220459
OLF,T293R,19.501831
OLF,T293S,16.247559
OLF,T293V,13.827393
OLF,T293W,8.874512
OLF,T293Y,18.067383
OLF,D294A,8.194641
OLF,D294C,0.5615845
OLF,D294E,15.716797
OLF,D294F,27.18866
OLF,D294G,30.4151
OLF,D294H,9.446594
OLF,D294I,11.719727
OLF,D294K,25.070496
OLF,D294L,20.441345
OLF,D294M,4.9332275
OLF,D294N,3.1134644
OLF,D294P,10.130554
OLF,D294Q,-16.697693
OLF,D294R,-14.686279
OLF,D294S,-6.1098022
OLF,D294T,-18.849243
OLF,D294V,-14.068054
OLF,D294W,-7.5612793
OLF,D294Y,-16.838501
OLF,V295A,-4.6186523
OLF,V295C,-6.7284546
OLF,V295D,-13.318237
OLF,V295E,-15.268799
OLF,V295F,-4.177124
OLF,V295G,-9.815002
OLF,V295H,10.618225
OLF,V295I,7.165222
OLF,V295K,6.9559326
OLF,V295L,9.65863
OLF,V295M,12.24408
OLF,V295N,1.0443115
OLF,V295P,0.493042
OLF,V295Q,-0.45117188
OLF,V295R,16.67456
OLF,V295S,2.9383545
OLF,V295T,8.3532715
OLF,V295W,-0.8652344
OLF,V295Y,0.12536621
OLF,R296A,18.718506
OLF,R296C,12.211365
OLF,R296D,11.081787
OLF,R296E,13.353455
OLF,R296F,7.939453
OLF,R296G,-0.4179077
OLF,R296H,4.6503906
OLF,R296I,15.340576
OLF,R296K,2.6262817
OLF,R296L,3.6030273
OLF,R296M,3.8431396
OLF,R296N,11.105286
OLF,R296P,2.2504883
OLF,R296Q,9.921692
OLF,R296S,13.960388
OLF,R296T,9.937256
OLF,R296V,14.803589
OLF,R296W,22.065674
OLF,R296Y,10.999023
OLF,Q297A,10.048218
OLF,Q297C,11.174866
OLF,Q297D,6.211487
OLF,Q297E,-1.4226074
OLF,Q297F,0.5841675
OLF,Q297G,4.434265
OLF,Q297H,-1.8291016
OLF,Q297I,2.4771729
OLF,Q297K,2.2894287
OLF,Q297L,10.121399
OLF,Q297M,13.3203125
OLF,Q297N,9.251953
OLF,Q297P,11.362549
OLF,Q297R,3.0957031
OLF,Q297S,18.861633
OLF,Q297T,12.074097
OLF,Q297V,5.7578735
OLF,Q297W,5.507141
OLF,Q297Y,9.660889
OLF,V298A,5.4796753
OLF,V298C,4.8913574
OLF,V298D,5.8514404
OLF,V298E,-0.12713623
OLF,V298F,8.858459
OLF,V298G,3.1344604
OLF,V298H,2.1206665
OLF,V298I,18.967285
OLF,V298K,11.580444
OLF,V298L,-4.937256
OLF,V298M,3.557129
OLF,V298N,1.1412964
OLF,V298P,-7.0394897
OLF,V298Q,-0.4083252
OLF,V298R,17.31012
OLF,V298S,2.3344727
OLF,V298T,1.3595581
OLF,V298W,-1.6520386
OLF,V298Y,14.149414
OLF,F299A,4.151367
OLF,F299C,1.3518066
OLF,F299D,-0.6434326
OLF,F299E,1.2185059
OLF,F299G,0.013427734
OLF,F299H,3.7265625
OLF,F299I,1.5113525
OLF,F299K,-8.504395
OLF,F299L,7.7404785
OLF,F299M,4.8604126
OLF,F299N,9.944641
OLF,F299P,2.147766
OLF,F299Q,3.7623901
OLF,F299R,-2.6594238
OLF,F299S,12.431946
OLF,F299T,-0.060058594
OLF,F299V,6.0733643
OLF,F299W,10.011963
OLF,F299Y,-2.883667
OLF,E300A,7.192383
OLF,E300C,-0.9901123
OLF,E300D,-4.815857
OLF,E300F,12.994507
OLF,E300G,-0.75
OLF,E300H,0.64056396
OLF,E300I,11.754761
OLF,E300K,10.858948
OLF,E300L,5.0405884
OLF,E300M,19.823914
OLF,E300N,14.195984
OLF,E300P,5.5964355
OLF,E300Q,17.361328
OLF,E300R,11.849609
OLF,E300S,9.073181
OLF,E300T,12.121399
OLF,E300V,-0.11627197
OLF,E300W,-2.077942
OLF,E300Y,2.328308
OLF,Y301A,7.105713
OLF,Y301C,13.3428955
OLF,Y301D,6.154846
OLF,Y301E,17.165283
OLF,Y301F,8.966431
OLF,Y301G,8.465576
OLF,Y301H,12.534607
OLF,Y301I,5.9553833
OLF,Y301K,3.93573
OLF,Y301L,9.92041
OLF,Y301M,5.644226
OLF,Y301N,22.42981
OLF,Y301P,6.12146
OLF,Y301Q,6.4519653
OLF,Y301R,6.241699
OLF,Y301S,8.265076
OLF,Y301T,11.873901
OLF,Y301V,7.4263916
OLF,Y301W,8.384705
OLF,D302A,-4.196106
OLF,D302C,12.815186
OLF,D302E,10.138489
OLF,D302F,1.8158569
OLF,D302G,3.5596313
OLF,D302H,5.2315674
OLF,D302I,9.821594
OLF,D302K,1.6192017
OLF,D302L,6.8273315
OLF,D302M,2.470398
OLF,D302N,-0.28125
OLF,D302P,5.352356
OLF,D302Q,0.23168945
OLF,D302R,1.8967285
OLF,D302S,-4.411255
OLF,D302T,4.5230103
OLF,D302V,-1.0934448
OLF,D302W,10.849609
OLF,D302Y,-0.18341064
OLF,L303A,0.9724121
OLF,L303C,3.510254
OLF,L303D,-0.95770264
OLF,L303E,10.476807
OLF,L303F,8.612244
OLF,L303G,-0.62823486
OLF,L303H,6.01416
OLF,L303I,11.818848
OLF,L303K,6.0720825
OLF,L303M,6.0092773
OLF,L303N,-3.1134033
OLF,L303P,5.650879
OLF,L303Q,-1.7434082
OLF,L303R,-2.5985107
OLF,L303S,6.95874
OLF,L303T,-4.3687744
OLF,L303V,10.690918
OLF,L303W,-7.3951416
OLF,L303Y,-1.9724121
OLF,I304A,-5.040222
OLF,I304C,1.802002
OLF,I304D,7.3479004
OLF,I304E,-0.3441162
OLF,I304F,-1.8986816
OLF,I304G,7.4419556
OLF,I304H,-3.5025024
OLF,I304K,-8.064636
OLF,I304L,-2.401184
OLF,I304M,1.4336548
OLF,I304N,-4.786621
OLF,I304P,-0.6594238
OLF,I304Q,8.895203
OLF,I304R,-7.67041
OLF,I304S,-4.422119
OLF,I304T,11.725952
OLF,I304V,7.49115
OLF,I304W,2.2607422
OLF,I304Y,-7.445984
OLF,S305A,10.190613
OLF,S305C,6.9055786
OLF,S305D,-8.6297
OLF,S305E,-4.4248047
OLF,S305F,-1.6890869
OLF,S305G,1.3915405
OLF,S305H,8.561279
OLF,S305I,-2.3510742
OLF,S305K,-5.146179
OLF,S305L,0.42108154
OLF,S305M,-4.366638
OLF,S305N,-0.56256104
OLF,S305P,-4.276367
OLF,S305Q,7.543579
OLF,S305R,1.3963623
OLF,S305T,18.140686
OLF,S305V,4.027466
OLF,S305W,4.0377197
OLF,S305Y,2.3806763
OLF,Q306A,6.7038574
OLF,Q306C,1.2045898
OLF,Q306D,6.734619
OLF,Q306E,4.297241
OLF,Q306F,13.784912
OLF,Q306G,12.587585
OLF,Q306H,-1.4382324
OLF,Q306I,0.99816895
OLF,Q306K,4.0706177
OLF,Q306L,4.340088
OLF,Q306M,7.784668
OLF,Q306N,1.0742798
OLF,Q306P,3.8112183
OLF,Q306R,-1.2027588
OLF,Q306S,-0.0793457
OLF,Q306T,-0.34875488
OLF,Q306V,11.869446
OLF,Q306W,11.547974
OLF,Q306Y,1.2444458
OLF,F307A,15.689941
OLF,F307C,13.130676
OLF,F307D,2.090332
OLF,F307E,17.167175
OLF,F307G,7.428467
OLF,F307H,-5.8083496
OLF,F307I,2.6489868
OLF,F307K,10.854065
OLF,F307L,8.770325
OLF,F307M,6.021179
OLF,F307N,10.306641
OLF,F307P,10.693359
OLF,F307Q,6.379883
OLF,F307R,23.706177
OLF,F307S,4.835144
OLF,F307T,5.6051636
OLF,F307V,18.417053
OLF,F307W,10.190857
OLF,F307Y,4.182312
OLF,M308A,-4.868042
OLF,M308C,1.8128662
OLF,M308D,4.64917
OLF,M308E,3.4960938
OLF,M308F,15.239014
OLF,M308G,4.360962
OLF,M308H,2.9833984
OLF,M308I,6.996582
OLF,M308K,-1.0323486
OLF,M308L,6.0805664
OLF,M308N,-5.0602417
OLF,M308P,6.992798
OLF,M308Q,3.9660645
OLF,M308R,21.43573
OLF,M308S,17.863403
OLF,M308T,-5.3425293
OLF,M308V,6.8500977
OLF,M308W,11.126282
OLF,M308Y,-5.249817
OLF,Q309A,-3.9423828
OLF,Q309C,21.467773
OLF,Q309D,0.48364258
OLF,Q309E,1.3425903
OLF,Q309F,9.425903
OLF,Q309G,12.8046875
OLF,Q309H,1.795166
OLF,Q309I,-3.8655396
OLF,Q309K,-3.3134766
OLF,Q309L,-5.623291
OLF,Q309M,11.811035
OLF,Q309N,5.557129
OLF,Q309P,3.0604248
OLF,Q309R,3.0338135
OLF,Q309S,2.7295532
OLF,Q309T,12.905701
OLF,Q309V,6.4313965
OLF,Q309W,20.522583
OLF,Q309Y,5.301758
OLF,G310A,7.399658
OLF,G310C,2.2454224
OLF,G310D,0.4673462
OLF,G310E,1.9822388
OLF,G310F,16.010254
OLF,G310H,5.727112
OLF,G310I,5.6886597
OLF,G310K,10.05127
OLF,G310L,3.8012695
OLF,G310M,7.7682495
OLF,G310N,7.5372314
OLF,G310P,13.372864
OLF,G310Q,1.5049438
OLF,G310R,6.8795776
OLF,G310S,2.7306519
OLF,G310T,18.415405
OLF,G310V,11.787964
OLF,G310W,24.60553
OLF,G310Y,12.695374
OLF,Y311A,10.974243
OLF,Y311C,3.9224243
OLF,Y311D,7.959656
OLF,Y311E,4.1469727
OLF,Y311F,8.603882
OLF,Y311G,10.47406
OLF,Y311H,14.324463
OLF,Y311I,6.180908
OLF,Y311K,12.199585
OLF,Y311L,11.515869
OLF,Y311M,2.1710815
OLF,Y311N,12.595276
OLF,Y311P,17.654724
OLF,Y311Q,3.5211792
OLF,Y311R,11.979553
OLF,Y311S,8.182129
OLF,Y311T,8.188965
OLF,Y311V,2.956482
OLF,Y311W,10.011597
OLF,P312A,9.81366
OLF,P312C,3.33844
OLF,P312D,18.72937
OLF,P312E,13.691406
OLF,P312F,18.381836
OLF,P312G,17.304138
OLF,P312H,13.451477
OLF,P312I,11.177612
OLF,P312K,16.274841
OLF,P312L,13.386108
OLF,P312M,13.140503
OLF,P312N,15.131592
OLF,P312Q,17.07257
OLF,P312R,13.003174
OLF,P312S,14.486328
OLF,P312T,21.461792
OLF,P312V,17.406372
OLF,P312W,18.810059
OLF,P312Y,14.821472
OLF,S313A,12.889221
OLF,S313C,2.4624023
OLF,S313D,6.739319
OLF,S313E,8.530273
OLF,S313F,11.048218
OLF,S313G,18.760925
OLF,S313H,19.724304
OLF,S313I,19.730042
OLF,S313K,7.1485596
OLF,S313L,15.612549
OLF,S313M,2.2313232
OLF,S313N,11.12738
OLF,S313P,8.32489
OLF,S313Q,10.974731
OLF,S313R,7.937195
OLF,S313T,14.07251
OLF,S313V,-8.2092285
OLF,S313W,-6.944702
OLF,S313Y,-8.959412
OLF,K314A,-8.079224
OLF,K314C,5.4107666
OLF,K314D,-4.8877563
OLF,K314E,7.192322
OLF,K314F,-3.291626
OLF,K314G,-7.116028
OLF,K314H,1.8515625
OLF,K314I,0.08215332
OLF,K314L,3.234375
OLF,K314M,4.8548584
OLF,K314N,-7.364563
OLF,K314P,5.647766
OLF,K314Q,5.083496
OLF,K314R,9.588684
OLF,K314S,10.806152
OLF,K314T,6.354553
OLF,K314V,10.3845825
OLF,K314W,12.806274
OLF,K314Y,21.333801
OLF,V315A,12.140869
OLF,V315C,16.891235
OLF,V315D,19.91687
OLF,V315E,18.927124
OLF,V315F,13.00592
OLF,V315G,5.5304565
OLF,V315H,10.557312
OLF,V315I,19.783081
OLF,V315K,17.7677
OLF,V315L,20.91986
OLF,V315M,9.362305
OLF,V315N,16.991455
OLF,V315P,3.7819214
OLF,V315Q,7.128662
OLF,V315R,16.54303
OLF,V315S,10.673096
OLF,V315T,15.710022
OLF,V315W,18.365051
OLF,V315Y,9.49823
OLF,H316A,1.0484619
OLF,H316C,4.6818237
OLF,H316D,14.22583
OLF,H316E,6.8478394
OLF,H316F,7.6276855
OLF,H316G,14.919006
OLF,H316I,7.2714844
OLF,H316K,1.4422607
OLF,H316L,12.654785
OLF,H316M,8.1171875
OLF,H316N,20.566528
OLF,H316P,14.847351
OLF,H316Q,0.8847046
OLF,H316R,15.352417
OLF,H316S,2.5739136
OLF,H316T,15.445679
OLF,H316V,-4.9990234
OLF,H316W,0.64263916
OLF,H316Y,1.9024658
OLF,I317A,1.8981934
OLF,I317C,0.49157715
OLF,I317D,-1.4956665
OLF,I317E,11.544495
OLF,I317F,4.04895
OLF,I317G,5.3327026
OLF,I317H,9.907227
OLF,I317K,-6.0985107
OLF,I317L,-4.237793
OLF,I317M,10.911255
OLF,I317N,9.734192
OLF,I317P,0.9006958
OLF,I317Q,-4.557068
OLF,I317R,4.73822
OLF,I317S,5.9348145
OLF,I317T,-0.18615723
OLF,I317V,-0.82159424
OLF,I317W,7.974182
OLF,I317Y,3.7817383
OLF,L318A,10.06012
OLF,L318C,-6.6950073
OLF,L318D,3.9117432
OLF,L318E,26.873169
OLF,L318F,10.62616
OLF,L318G,11.21582
OLF,L318H,-0.767334
OLF,L318I,6.128479
OLF,L318K,5.545349
OLF,L318M,11.128784
OLF,L318N,0.5137329
OLF,L318P,7.0441284
OLF,L318Q,3.9707031
OLF,L318R,11.955566
OLF,L318S,2.147705
OLF,L318T,-6.449707
OLF,L318V,8.100342
OLF,L318W,8.150269
OLF,L318Y,10.513184
OLF,P319A,1.7077637
OLF,P319C,-0.8189697
OLF,P319D,14.565796
OLF,P319E,6.1118774
OLF,P319F,12.220764
OLF,P319G,17.23413
OLF,P319H,10.993652
OLF,P319I,18.914429
OLF,P319K,19.456665
OLF,P319L,9.459473
OLF,P319M,21.171448
OLF,P319N,19.421875
OLF,P319Q,11.848877
OLF,P319R,2.7945557
OLF,P319S,7.4296875
OLF,P319T,-0.4824829
OLF,P319V,4.8207397
OLF,P319W,-3.2822266
OLF,P319Y,8.138428
OLF,R320A,4.452759
OLF,R320C,0.79956055
OLF,R320D,0.15100098
OLF,R320E,-1.6682129
OLF,R320F,-1.0752563
OLF,R320G,9.355957
OLF,R320H,5.8863525
OLF,R320I,19.5896
OLF,R320K,7.1692505
OLF,R320L,3.5739136
OLF,R320M,11.78772
OLF,R320N,5.2297363
OLF,R320P,-1.5256348
OLF,R320Q,13.582947
OLF,R320S,11.127014
OLF,R320T,9.896484
OLF,R320V,16.372437
OLF,R320W,9.497253
OLF,R320Y,3.831543
OLF,P321A,0.685791
OLF,P321C,9.607422
OLF,P321D,7.264282
OLF,P321E,15.729492
OLF,P321F,19.533203
OLF,P321G,6.2006836
OLF,P321H,5.9051514
OLF,P321I,10.010254
OLF,P321K,9.712097
OLF,P321L,2.1141357
OLF,P321M,15.678894
OLF,P321N,0.41204834
OLF,P321Q,7.6275635
OLF,P321R,-4.6672974
OLF,P321S,6.152405
OLF,P321T,2.6290894
OLF,P321V,5.0095825
OLF,P321W,12.054749
OLF,P321Y,9.946655
OLF,L322A,10.701721
OLF,L322C,13.001404
OLF,L322D,2.956482
OLF,L322E,12.42218
OLF,L322F,3.8216553
OLF,L322G,10.720154
OLF,L322H,-0.29449463
OLF,L322I,-4.572998
OLF,L322K,12.17688
OLF,L322M,-3.2330322
OLF,L322N,0.17163086
OLF,L322P,0.17803955
OLF,L322Q,4.872925
OLF,L322R,8.644104
OLF,L322S,0.6567383
OLF,L322T,4.3252563
OLF,L322V,-10.947754
OLF,L322W,-1.7144775
OLF,L322Y,9.918152
OLF,E323A,-1.0928955
OLF,E323C,18.6073
OLF,E323D,10.973389
OLF,E323F,13.86145
OLF,E323G,21.87909
OLF,E323H,13.6970215
OLF,E323I,14.045959
OLF,E323K,21.620483
OLF,E323L,7.322571
OLF,E323M,12.127686
OLF,E323N,23.110413
OLF,E323P,5.668457
OLF,E323Q,8.72345
OLF,E323R,18.137207
OLF,E323S,4.893799
OLF,E323T,13.255127
OLF,E323V,22.49585
OLF,E323W,21.095032
OLF,E323Y,-0.7104492
OLF,S324A,6.0353394
OLF,S324C,13.668945
OLF,S324D,10.542358
OLF,S324E,14.841064
OLF,S324F,7.8085938
OLF,S324G,4.2924194
OLF,S324H,20.66034
OLF,S324I,10.8186035
OLF,S324K,18.707031
OLF,S324L,9.4175415
OLF,S324M,8.536804
OLF,S324N,2.2445068
OLF,S324P,3.2126465
OLF,S324Q,4.4869385
OLF,S324R,-0.26660156
OLF,S324T,10.616211
OLF,S324V,10.592651
OLF,S324W,15.542236
OLF,S324Y,9.324951
OLF,T325A,10.871887
OLF,T325C,10.678223
OLF,T325D,12.794678
OLF,T325E,3.6032715
OLF,T325F,7.4873657
OLF,T325G,13.415527
OLF,T325H,10.468933
OLF,T325I,16.115234
OLF,T325K,6.9648438
OLF,T325L,13.980103
OLF,T325M,14.575928
OLF,T325N,3.649109
OLF,T325P,-0.12628174
OLF,T325Q,4.1086426
OLF,T325R,6.8029785
OLF,T325S,0.36669922
OLF,T325V,0.48510742
OLF,T325W,4.2905884
OLF,T325Y,6.334839
OLF,G326A,3.083191
OLF,G326C,9.337158
OLF,G326D,13.369385
OLF,G326E,11.447632
OLF,G326F,24.988037
OLF,G326H,9.006714
OLF,G326I,-5.006653
OLF,G326K,14.01416
OLF,G326L,6.76947
OLF,G326M,3.6588135
OLF,G326N,7.562622
OLF,G326P,10.483643
OLF,G326Q,8.932922
OLF,G326R,14.228699
OLF,G326S,11.278381
OLF,G326T,4.4404907
OLF,G326V,2.5272827
OLF,G326W,17.54004
OLF,G326Y,6.1939697
OLF,A327C,11.238098
OLF,A327D,4.109375
OLF,A327E,5.3829956
OLF,A327F,-4.168213
OLF,A327G,5.307068
OLF,A327H,-4.4331665
OLF,A327I,10.7473755
OLF,A327K,11.110046
OLF,A327L,13.82373
OLF,A327M,8.189453
OLF,A327N,3.3901367
OLF,A327P,8.643982
OLF,A327Q,6.066101
OLF,A327R,12.192139
OLF,A327S,14.049683
OLF,A327T,13.775452
OLF,A327V,11.892334
OLF,A327W,14.300293
OLF,A327Y,12.488525
OLF,V328A,10.07019
OLF,V328C,9.286987
OLF,V328D,13.23114
OLF,V328E,6.2788086
OLF,V328F,10.389893
OLF,V328G,1.9161987
OLF,V328H,8.950439
OLF,V328I,18.227905
OLF,V328K,4.5670776
OLF,V328L,-0.25549316
OLF,V328M,6.508789
OLF,V328N,24.268555
OLF,V328P,13.627686
OLF,V328Q,8.820557
OLF,V328R,11.134949
OLF,V328S,12.745728
OLF,V328T,-5.555847
OLF,V328W,10.500793
OLF,V328Y,13.824951
OLF,V329A,2.1958008
OLF,V329C,7.2540283
OLF,V329D,8.5373535
OLF,V329E,7.988098
OLF,V329F,5.010681
OLF,V329G,9.163269
OLF,V329H,8.788086
OLF,V329I,3.6574097
OLF,V329K,12.987915
OLF,V329L,-1.3950195
OLF,V329M,1.3023071
OLF,V329N,9.734924
OLF,V329P,12.842529
OLF,V329Q,5.9370117
OLF,V329R,14.835266
OLF,V329S,6.451172
OLF,V329T,8.46759
OLF,V329W,13.845703
OLF,V329Y,5.295471
OLF,Y330A,11.402954
OLF,Y330C,22.677612
OLF,Y330D,11.84082
OLF,Y330E,8.751648
OLF,Y330F,8.223389
OLF,Y330G,22.807678
OLF,Y330H,13.299683
OLF,Y330I,12.14917
OLF,Y330K,26.331177
OLF,Y330L,14.143555
OLF,Y330M,10.289368
OLF,Y330N,13.391724
OLF,Y330P,11.619934
OLF,Y330Q,-0.883667
OLF,Y330R,-5.052063
OLF,Y330S,5.960083
OLF,Y330T,-6.404602
OLF,Y330V,12.090332
OLF,Y330W,-7.1453857
OLF,S331A,-10.342773
OLF,S331C,1.03656
OLF,S331D,1.6738892
OLF,S331E,-8.289307
OLF,S331F,-2.2054443
OLF,S331G,-13.1987915
OLF,S331H,12.671997
OLF,S331I,-4.262451
OLF,S331K,-2.3414307
OLF,S331L,-1.1732788
OLF,S331M,0.7943115
OLF,S331N,2.7226562
OLF,S331P,0.60424805
OLF,S331Q,-1.9156494
OLF,S331R,6.260742
OLF,S331T,0.92993164
OLF,S331V,12.982544
OLF,S331W,12.271973
OLF,S331Y,4.409424
OLF,G332A,11.21814
OLF,G332C,15.483765
OLF,G332D,15.076416
OLF,G332E,13.635742
OLF,G332F,6.430908
OLF,G332H,17.208618
OLF,G332I,16.17572
OLF,G332K,8.525574
OLF,G332L,8.4470215
OLF,G332M,9.379089
OLF,G332N,1.5517578
OLF,G332P,21.901062
OLF,G332Q,9.751221
OLF,G332R,6.3669434
OLF,G332S,7.0634155
OLF,G332T,16.502075
OLF,G332V,4.946289
OLF,G332W,14.379639
OLF,G332Y,19.61023
OLF,S333A,17.462402
OLF,S333C,2.0478516
OLF,S333D,10.108887
OLF,S333E,4.81958
OLF,S333F,10.761719
OLF,S333G,8.723206
OLF,S333H,17.765625
OLF,S333I,19.960632
OLF,S333K,14.958496
OLF,S333L,20.398193
OLF,S333M,8.880127
OLF,S333N,8.801514
OLF,S333P,6.069092
OLF,S333Q,3.7711792
OLF,S333R,17.811218
OLF,S333T,34.091248
OLF,S333V,17.574402
OLF,S333W,17.78363
OLF,S333Y,11.114014
OLF,L334A,15.479736
OLF,L334C,8.329346
OLF,L334D,1.1773682
OLF,L334E,2.2401123
OLF,L334F,-1.5550537
OLF,L334G,2.3130493
OLF,L334H,5.4439087
OLF,L334I,5.9730835
OLF,L334K,10.391846
OLF,L334M,15.4313965
OLF,L334N,7.041504
OLF,L334P,15.646423
OLF,L334Q,2.9459229
OLF,L334R,5.0737915
OLF,L334S,2.3248901
OLF,L334T,7.3848877
OLF,L334V,5.2940063
OLF,L334W,8.197754
OLF,L334Y,13.430664
OLF,Y335A,6.0507812
OLF,Y335C,17.595154
OLF,Y335D,6.7786865
OLF,Y335E,11.408447
OLF,Y335F,8.500488
OLF,Y335G,9.133423
OLF,Y335H,7.102173
OLF,Y335I,5.543335
OLF,Y335K,6.111328
OLF,Y335L,8.197754
OLF,Y335M,20.572083
OLF,Y335N,17.834717
OLF,Y335P,9.141907
OLF,Y335Q,20.532349
OLF,Y335R,18.684021
OLF,Y335S,16.89093
OLF,Y335T,11.088562
OLF,Y335V,11.584839
OLF,Y335W,11.876221
OLF,F336A,14.323547
OLF,F336C,0.9906616
OLF,F336D,10.621826
OLF,F336E,11.983093
OLF,F336G,-2.3266602
OLF,F336H,-0.79467773
OLF,F336I,8.1050415
OLF,F336K,1.9981079
OLF,F336L,2.5812378
OLF,F336M,7.9140015
OLF,F336N,-0.93811035
OLF,F336P,12.887024
OLF,F336Q,13.404785
OLF,F336R,3.296814
OLF,F336S,10.3758545
OLF,F336T,13.699524
OLF,F336V,4.616577
OLF,F336W,8.268616
OLF,F336Y,0.44519043
OLF,Q337A,17.275146
OLF,Q337C,5.765625
OLF,Q337D,9.0849
OLF,Q337E,19.212646
OLF,Q337F,13.381714
OLF,Q337G,24.079895
OLF,Q337H,13.220703
OLF,Q337I,6.3849487
OLF,Q337K,-3.864502
OLF,Q337L,-6.3046265
OLF,Q337M,-0.031921387
OLF,Q337N,-9.279541
OLF,Q337P,-2.8357544
OLF,Q337R,16.157654
OLF,Q337S,-5.239685
OLF,Q337T,-2.6699219
OLF,Q337V,-0.45898438
OLF,Q337W,14.8706665
OLF,Q337Y,6.273926
OLF,G338A,-12.20813
OLF,G338C,0.9104614
OLF,G338D,-9.594116
OLF,G338E,0.13909912
OLF,G338F,0.13427734
OLF,G338H,-2.5925903
OLF,G338I,8.73053
OLF,G338K,4.2099
OLF,G338L,2.3236694
OLF,G338M,-0.8598633
OLF,G338N,-5.2025757
OLF,G338P,0.6442871
OLF,G338Q,7.857971
OLF,G338R,1.5504761
OLF,G338S,-0.9622803
OLF,G338T,0.12921143
OLF,G338V,15.229736
OLF,G338W,6.791748
OLF,G338Y,12.590271
OLF,A339C,3.3224487
OLF,A339D,9.463318
OLF,A339E,9.150391
OLF,A339F,2.236145
OLF,A339G,8.404541
OLF,A339H,2.767456
OLF,A339I,12.627441
OLF,A339K,11.998169
OLF,A339L,12.748779
OLF,A339M,2.1046753
OLF,A339N,5.218506
OLF,A339P,10.031494
OLF,A339Q,0.9706421
OLF,A339R,3.9524536
OLF,A339S,15.670654
OLF,A339T,2.2606812
OLF,A339V,5.6932983
OLF,A339W,7.793335
OLF,A339Y,11.015686
OLF,E340A,7.661804
OLF,E340C,9.344177
OLF,E340D,14.474487
OLF,E340F,-2.8605957
OLF,E340G,6.1586914
OLF,E340H,4.098572
OLF,E340I,0.34399414
OLF,E340K,-0.7631836
OLF,E340L,-2.378296
OLF,E340M,4.902832
OLF,E340N,3.46344
OLF,E340P,8.311768
OLF,E340Q,21.623901
OLF,E340R,-4.0603027
OLF,E340S,13.72052
OLF,E340T,-4.1879883
OLF,E340V,11.515747
OLF,E340W,-0.059753418
OLF,E340Y,14.979614
OLF,S341A,6.5007935
OLF,S341C,6.513489
OLF,S341D,17.517944
OLF,S341E,1.9698486
OLF,S341F,19.711609
OLF,S341G,18.379395
OLF,S341H,13.744751
OLF,S341I,15.68866
OLF,S341K,9.306824
OLF,S341L,11.208374
OLF,S341M,2.557129
OLF,S341N,6.1742554
OLF,S341P,21.261414
OLF,S341Q,18.421753
OLF,S341R,22.975098
OLF,S341T,3.0309448
OLF,S341V,20.313843
OLF,S341W,8.671082
OLF,S341Y,21.123901
OLF,R342A,13.663513
OLF,R342C,4.5438843
OLF,R342D,2.8374634
OLF,R342E,14.385376
OLF,R342F,11.865356
OLF,R342G,14.793701
OLF,R342H,10.431274
OLF,R342I,10.928955
OLF,R342K,8.8967285
OLF,R342L,6.581238
OLF,R342M,12.435913
OLF,R342N,-2.1555176
OLF,R342P,5.340576
OLF,R342Q,13.2977295
OLF,R342S,-0.1026001
OLF,R342T,5.746887
OLF,R342V,13.243652
OLF,R342W,3.7578735
OLF,R342Y,4.225647
OLF,T343A,9.394287
OLF,T343C,16.73468
OLF,T343D,5.1900024
OLF,T343E,-2.569336
OLF,T343F,13.738342
OLF,T343G,17.029541
OLF,T343H,-1.4680176
OLF,T343I,-5.421814
OLF,T343K,-4.717224
OLF,T343L,5.9677734
OLF,T343M,-1.4255371
OLF,T343N,8.014587
OLF,T343P,1.5969238
OLF,T343Q,-3.1518555
OLF,T343R,-6.554199
OLF,T343S,6.89917
OLF,T343V,9.937378
OLF,T343W,10.992737
OLF,T343Y,12.026733
OLF,V344A,-1.0251465
OLF,V344C,-2.4997559
OLF,V344D,-1.5588379
OLF,V344E,-0.7133179
OLF,V344F,-1.0449219
OLF,V344G,4.2926636
OLF,V344H,0.7696533
OLF,V344I,-0.04699707
OLF,V344K,1.6635742
OLF,V344L,2.9959106
OLF,V344M,14.648071
OLF,V344N,-6.020752
OLF,V344P,5.538086
OLF,V344Q,-0.25982666
OLF,V344R,3.932373
OLF,V344S,0.9302368
OLF,V344T,-4.758545
OLF,V344W,12.986267
OLF,V344Y,-1.8925171
OLF,I345A,-1.034668
OLF,I345C,-4.115967
OLF,I345D,7.166748
OLF,I345E,9.160767
OLF,I345F,6.67157
OLF,I345G,11.583801
OLF,I345H,16.834717
OLF,I345K,-1.4369507
OLF,I345L,6.4592285
OLF,I345M,11.560547
OLF,I345N,-2.2979126
OLF,I345P,3.6085205
OLF,I345Q,-0.6569824
OLF,I345R,1.8822632
OLF,I345S,-1.5908203
OLF,I345T,23.404907
OLF,I345V,2.026001
OLF,I345W,6.6550903
OLF,I345Y,-3.5628662
OLF,R346A,3.6035156
OLF,R346C,25.344727
OLF,R346D,11.814087
OLF,R346E,4.8182373
OLF,R346F,0.48876953
OLF,R346G,12.225159
OLF,R346H,10.992676
OLF,R346I,0.083984375
OLF,R346K,3.8722534
OLF,R346L,13.734985
OLF,R346M,9.363525
OLF,R346N,9.23999
OLF,R346P,3.0332031
OLF,R346Q,26.061768
OLF,R346S,-11.574341
OLF,R346T,-4.067932
OLF,R346V,3.7148438
OLF,R346W,-1.2078247
OLF,R346Y,3.2953491
OLF,Y347A,5.069702
OLF,Y347C,10.625671
OLF,Y347D,1.2908936
OLF,Y347E,-2.2166748
OLF,Y347F,-2.5205078
OLF,Y347G,3.8944092
OLF,Y347H,0.78808594
OLF,Y347I,4.959656
OLF,Y347K,1.147583
OLF,Y347L,-8.92157
OLF,Y347M,16.352295
OLF,Y347N,15.331604
OLF,Y347P,8.71228
OLF,Y347Q,4.5335083
OLF,Y347R,8.712524
OLF,Y347S,8.217529
OLF,Y347T,4.7573853
OLF,Y347V,-0.2697754
OLF,Y347W,14.6883545
OLF,E348A,4.769226
OLF,E348C,1.1621094
OLF,E348D,-4.481079
OLF,E348F,-0.5965576
OLF,E348G,9.589478
OLF,E348H,3.756897
OLF,E348I,4.515625
OLF,E348K,11.207275
OLF,E348L,2.0281372
OLF,E348M,10.903564
OLF,E348N,18.204346
OLF,E348P,8.944946
OLF,E348Q,15.914368
OLF,E348R,12.524841
OLF,E348S,11.399597
OLF,E348T,2.3336792
OLF,E348V,11.825928
OLF,E348W,15.566284
OLF,E348Y,7.550049
OLF,L349A,9.229431
OLF,L349C,13.909546
OLF,L349D,18.89502
OLF,L349E,7.9401245
OLF,L349F,9.292786
OLF,L349G,19.425049
OLF,L349H,9.831787
OLF,L349I,16.117981
OLF,L349K,6.654785
OLF,L349M,-9.082275
OLF,L349N,11.232666
OLF,L349P,0.49395752
OLF,L349Q,16.603394
OLF,L349R,1.97052
OLF,L349S,12.045654
OLF,L349T,1.885315
OLF,L349V,5.918152
OLF,L349W,16.680237
OLF,L349Y,11.215088
OLF,N350A,4.5195923
OLF,N350C,0.18670654
OLF,N350D,-0.6259155
OLF,N350E,-1.6442871
OLF,N350F,-4.0219727
OLF,N350G,-4.687744
OLF,N350H,1.2284546
OLF,N350I,0.55596924
OLF,N350K,-3.5810547
OLF,N350L,-6.80719
OLF,N350M,8.3845825
OLF,N350P,4.9663696
OLF,N350Q,2.0526733
OLF,N350R,4.885681
OLF,N350S,-1.4064941
OLF,N350T,-10.047241
OLF,N350V,-8.580566
OLF,N350W,7.5375977
OLF,N350Y,15.5876465
OLF,T351A,-4.7408447
OLF,T351C,-1.8464355
OLF,T351D,15.662109
OLF,T351E,1.9104004
OLF,T351F,10.848694
OLF,T351G,11.224915
OLF,T351H,6.2194824
OLF,T351I,9.955811
OLF,T351K,13.867981
OLF,T351L,8.979187
OLF,T351M,4.0838623
OLF,T351N,9.234985
OLF,T351P,6.022156
OLF,T351Q,-2.7979736
OLF,T351R,8.542419
OLF,T351S,6.1063843
OLF,T351V,24.304077
OLF,T351W,5.876831
OLF,T351Y,4.4711304
OLF,E352A,17.77301
OLF,E352C,23.640991
OLF,E352D,16.530762
OLF,E352F,9.585815
OLF,E352G,22.64032
OLF,E352H,9.3098755
OLF,E352I,13.702881
OLF,E352K,-0.68829346
OLF,E352L,11.56189
OLF,E352M,6.5583496
OLF,E352N,11.581848
OLF,E352P,14.801331
OLF,E352Q,12.165283
OLF,E352R,10.377014
OLF,E352S,3.1386719
OLF,E352T,19.089417
OLF,E352V,15.6796875
OLF,E352W,14.518066
OLF,E352Y,8.411621
OLF,T353A,6.340332
OLF,T353C,8.9904785
OLF,T353D,3.9578857
OLF,T353E,18.51355
OLF,T353F,4.6347656
OLF,T353G,2.2964478
OLF,T353H,22.487488
OLF,T353I,16.685913
OLF,T353K,-5.402832
OLF,T353L,0.16918945
OLF,T353M,3.7893066
OLF,T353N,4.752075
OLF,T353P,4.915161
OLF,T353Q,6.631775
OLF,T353R,-2.7332153
OLF,T353S,0.98114014
OLF,T353V,1.5187988
OLF,T353W,-6.0529785
OLF,T353Y,-1.0820312
OLF,V354A,-8.666443
OLF,V354C,4.781372
OLF,V354D,-3.2456055
OLF,V354E,-3.33844
OLF,V354F,-1.5098267
OLF,V354G,-18.91687
OLF,V354H,1.1829834
OLF,V354I,-9.890198
OLF,V354K,-4.51886
OLF,V354L,-5.40448
OLF,V354M,-11.662476
OLF,V354N,3.1990967
OLF,V354P,-6.93396
OLF,V354Q,4.243225
OLF,V354R,-16.444763
OLF,V354S,-10.464111
OLF,V354T,-12.463928
OLF,V354W,-12.318176
OLF,V354Y,-3.8925781
OLF,K355A,-12.007385
OLF,K355C,-12.39093
OLF,K355D,4.739929
OLF,K355E,5.5079346
OLF,K355F,-0.8626709
OLF,K355G,6.5424805
OLF,K355H,1.9762573
OLF,K355I,-5.1036377
OLF,K355L,2.6086426
OLF,K355M,7.876465
OLF,K355N,-4.4242554
OLF,K355P,0.26202393
OLF,K355Q,0.28442383
OLF,K355R,9.281616
OLF,K355S,1.4620361
OLF,K355T,-3.8504028
OLF,K355V,-0.534729
OLF,K355W,13.750671
OLF,K355Y,-7.7854004
OLF,A356C,-4.5011597
OLF,A356D,5.5029297
OLF,A356E,1.68573
OLF,A356F,3.7148438
OLF,A356G,2.5891113
OLF,A356H,-1.3953247
OLF,A356I,-7.706787
OLF,A356K,-3.1472168
OLF,A356L,0.87713623
OLF,A356M,4.7819824
OLF,A356N,1.8917847
OLF,A356P,8.668274
OLF,A356Q,-5.5773926
OLF,A356R,5.6677246
OLF,A356S,-0.12939453
OLF,A356T,-1.3691406
OLF,A356V,2.7315674
OLF,A356W,0.6975708
OLF,A356Y,7.3027344
OLF,E357A,3.2055664
OLF,E357C,1.777832
OLF,E357D,7.9362793
OLF,E357F,2.4538574
OLF,E357G,8.445862
OLF,E357H,0.8200073
OLF,E357I,3.0421753
OLF,E357K,6.588867
OLF,E357L,15.853027
OLF,E357M,16.79419
OLF,E357N,5.7858887
OLF,E357P,6.658325
OLF,E357Q,3.3407593
OLF,E357R,-2.515442
OLF,E357S,2.3431396
OLF,E357T,7.29303
OLF,E357V,-3.7675781
OLF,E357W,-0.63427734
OLF,E357Y,3.3519897
OLF,K358A,6.570923
OLF,K358C,15.510254
OLF,K358D,-2.1256714
OLF,K358E,4.8171387
OLF,K358F,2.9943237
OLF,K358G,-0.27905273
OLF,K358H,7.015625
OLF,K358I,-1.0375977
OLF,K358L,0.8867798
OLF,K358M,5.845215
OLF,K358N,11.71521
OLF,K358P,8.78418
OLF,K358Q,5.8085938
OLF,K358R,0.6052246
OLF,K358S,19.452026
OLF,K358T,11.06781
OLF,K358V,-4.4769897
OLF,K358W,8.258606
OLF,K358Y,5.3719482
OLF,E359A,2.05188
OLF,E359C,2.4852905
OLF,E359D,10.051941
OLF,E359F,11.395386
OLF,E359G,7.3672485
OLF,E359H,2.2988281
OLF,E359I,-2.2231445
OLF,E359K,-2.58313
OLF,E359L,-1.7047119
OLF,E359M,-4.6210327
OLF,E359N,-3.711853
OLF,E359P,-4.6417236
OLF,E359Q,-2.2335815
OLF,E359R,3.0888672
OLF,E359S,-2.8518066
OLF,E359T,-3.4194336
OLF,E359V,-0.25
OLF,E359W,5.937561
OLF,E359Y,10.718933
OLF,I360A,7.7597046
OLF,I360C,-9.793213
OLF,I360D,6.2348633
OLF,I360E,14.575623
OLF,I360F,6.447632
OLF,I360G,15.78418
OLF,I360H,11.025452
OLF,I360K,2.9211426
OLF,I360L,5.956421
OLF,I360M,1.1279907
OLF,I360N,3.0355835
OLF,I360P,7.5532227
OLF,I360Q,19.420166
OLF,I360R,1.2667847
OLF,I360S,20.76892
OLF,I360T,13.654541
OLF,I360V,18.440979
OLF,I360W,5.640442
OLF,I360Y,4.7990723
OLF,P361A,22.974365
OLF,P361C,13.43811
OLF,P361D,19.09497
OLF,P361E,7.0933228
OLF,P361F,11.982178
OLF,P361G,7.001587
OLF,P361H,14.7453
OLF,P361I,21.3042
OLF,P361K,33.81006
OLF,P361L,10.444092
OLF,P361M,12.264038
OLF,P361N,16.082764
OLF,P361Q,10.432251
OLF,P361R,17.661316
OLF,P361S,8.443848
OLF,P361T,14.489075
OLF,P361V,1.980957
OLF,P361W,8.520508
OLF,P361Y,32.469727
OLF,G362A,-0.12011719
OLF,G362C,-4.1556396
OLF,G362D,-2.656128
OLF,G362E,-1.211731
OLF,G362F,-3.3862305
OLF,G362H,-6.8669434
OLF,G362I,0.042236328
OLF,G362K,-3.3099976
OLF,G362L,-5.095459
OLF,G362M,12.514893
OLF,G362N,-1.4465332
OLF,G362P,15.740051
OLF,G362Q,5.305237
OLF,G362R,19.961182
OLF,G362S,21.201233
OLF,G362T,12.210815
OLF,G362V,7.107544
OLF,G362W,14.1032715
OLF,G362Y,8.118591
OLF,A363C,1.8764648
OLF,A363D,7.350281
OLF,A363E,7.880554
OLF,A363F,7.6273804
OLF,A363G,8.712097
OLF,A363H,11.541748
OLF,A363I,24.324707
OLF,A363K,23.400146
OLF,A363L,16.132446
OLF,A363M,12.041992
OLF,A363N,15.343201
OLF,A363P,0.20239258
OLF,A363Q,0.10424805
OLF,A363R,9.075684
OLF,A363S,-2.790039
OLF,A363T,2.258545
OLF,A363V,3.387146
OLF,A363W,12.324768
OLF,A363Y,5.291992
OLF,G364A,8.647095
OLF,G364C,7.029541
OLF,G364D,3.3528442
OLF,G364E,0.28723145
OLF,G364F,-0.30950928
OLF,G364H,3.3440552
OLF,G364I,-4.235779
OLF,G364K,1.5134888
OLF,G364L,11.760254
OLF,G364M,20.166077
OLF,G364N,13.285522
OLF,G364P,1.769043
OLF,G364Q,11.890076
OLF,G364R,4.3151855
OLF,G364S,11.9626465
OLF,G364T,31.113708
OLF,G364V,7.0199585
OLF,G364W,12.514343
OLF,G364Y,11.830872
OLF,Y365A,6.0095215
OLF,Y365C,18.713806
OLF,Y365D,12.031982
OLF,Y365E,3.086853
OLF,Y365F,-4.6049805
OLF,Y365G,-3.2489624
OLF,Y365H,2.1062012
OLF,Y365I,-0.24023438
OLF,Y365K,-4.6280518
OLF,Y365L,3.852295
OLF,Y365M,-2.2561035
OLF,Y365N,4.031494
OLF,Y365P,-1.7646484
OLF,Y365Q,5.6829224
OLF,Y365R,-0.099853516
OLF,Y365S,7.930725
OLF,Y365T,14.967773
OLF,Y365V,-2.2946167
OLF,Y365W,14.978577
OLF,H366A,-8.65332
OLF,H366C,5.893799
OLF,H366D,-2.258789
OLF,H366E,1.2949829
OLF,H366F,10.592163
OLF,H366G,6.084717
OLF,H366I,3.900879
OLF,H366K,14.816895
OLF,H366L,1.3204956
OLF,H366M,4.505371
OLF,H366N,5.8115845
OLF,H366P,9.345886
OLF,H366Q,1.6123047
OLF,H366R,11.795471
OLF,H366S,-0.74749756
OLF,H366T,3.1157837
OLF,H366V,4.741089
OLF,H366W,-0.5822754
OLF,H366Y,4.68573
OLF,G367A,9.463684
OLF,G367C,-0.3972168
OLF,G367D,7.4902344
OLF,G367E,0.94506836
OLF,G367F,-3.3413086
OLF,G367H,-2.44104
OLF,G367I,16.408936
OLF,G367K,-1.279541
OLF,G367L,9.824707
OLF,G367M,7.9367676
OLF,G367N,1.9967651
OLF,G367P,-3.2526855
OLF,G367Q,-2.7183838
OLF,G367R,9.621948
OLF,G367S,9.533325
OLF,G367T,1.3325806
OLF,G367V,5.647522
OLF,G367W,0.536438
OLF,G367Y,3.5404053
OLF,Q368A,-0.06048584
OLF,Q368C,-3.241211
OLF,Q368D,2.204834
OLF,Q368E,1.8521729
OLF,Q368F,3.9453125
OLF,Q368G,5.790283
OLF,Q368H,11.249817
OLF,Q368I,8.475891
OLF,Q368K,-6.3377075
OLF,Q368L,1.2446289
OLF,Q368M,17.627136
OLF,Q368N,5.0803223
OLF,Q368P,2.8257446
OLF,Q368R,20.582458
OLF,Q368S,6.515381
OLF,Q368T,-0.44256592
OLF,Q368V,-1.3086548
OLF,Q368W,22.69336
OLF,Q368Y,2.9438477
OLF,F369A,2.8589478
OLF,F369C,-1.0163574
OLF,F369D,2.008545
OLF,F369E,19.20996
OLF,F369G,-2.0534058
OLF,F369H,39.608643
OLF,F369I,23.80371
OLF,F369K,0.7110596
OLF,F369L,0.05114746
OLF,F369M,-1.9996338
OLF,F369N,1.0250244
OLF,F369P,12.175293
OLF,F369Q,-2.8000488
OLF,F369R,7.8461304
OLF,F369S,-1.5966797
OLF,F369T,-4.6904297
OLF,F369V,-0.6325073
OLF,F369W,-3.2964478
OLF,F369Y,6.8843384
OLF,P370A,-4.397217
OLF,P370C,4.079773
OLF,P370D,2.66333
OLF,P370E,3.4562378
OLF,P370F,10.13446
OLF,P370G,6.270874
OLF,P370H,-3.3841553
OLF,P370I,-2.159607
OLF,P370K,10.765991
OLF,P370L,5.4995117
OLF,P370M,5.334656
OLF,P370N,-1.1160278
OLF,P370Q,3.9976196
OLF,P370R,8.278687
OLF,P370S,0.54174805
OLF,P370T,-9.849426
OLF,P370V,11.248962
OLF,P370W,-2.7487793
OLF,P370Y,0.4362793
OLF,Y371A,-0.21826172
OLF,Y371C,14.191895
OLF,Y371D,14.06781
OLF,Y371E,15.594299
OLF,Y371F,11.8046875
OLF,Y371G,24.275146
OLF,Y371H,13.639587
OLF,Y371I,11.591919
OLF,Y371K,18.230225
OLF,Y371L,12.342102
OLF,Y371M,21.681335
OLF,Y371N,13.846497
OLF,Y371P,18.117676
OLF,Y371Q,19.30957
OLF,Y371R,20.77295
OLF,Y371S,8.48468
OLF,Y371T,14.176819
OLF,Y371V,12.829224
OLF,Y371W,13.238586
OLF,S372A,5.86792
OLF,S372C,16.928772
OLF,S372D,11.452576
OLF,S372E,11.045654
OLF,S372F,13.269592
OLF,S372G,5.408142
OLF,S372H,20.22174
OLF,S372I,10.618652
OLF,S372K,19.172058
OLF,S372L,14.890381
OLF,S372M,17.362793
OLF,S372N,9.928833
OLF,S372P,15.831665
OLF,S372Q,19.215088
OLF,S372R,6.3910522
OLF,S372T,0.46588135
OLF,S372V,12.090332
OLF,S372W,0.31848145
OLF,S372Y,-1.204956
OLF,W373A,-2.3651733
OLF,W373C,6.0964355
OLF,W373D,5.866028
OLF,W373E,5.397217
OLF,W373F,-7.8444214
OLF,W373G,6.4468384
OLF,W373H,1.147522
OLF,W373I,8.969727
OLF,W373K,22.697815
OLF,W373L,2.135254
OLF,W373M,18.851013
OLF,W373N,5.968689
OLF,W373P,3.3167114
OLF,W373Q,22.759155
OLF,W373R,11.202637
OLF,W373S,10.157227
OLF,W373T,8.78064
OLF,W373V,8.223938
OLF,W373Y,19.195007
OLF,G374A,22.43335
OLF,G374C,4.664734
OLF,G374D,5.681885
OLF,G374E,7.746643
OLF,G374F,5.166626
OLF,G374H,21.395264
OLF,G374I,8.298096
OLF,G374K,1.3600464
OLF,G374L,8.700317
OLF,G374M,22.320251
OLF,G374N,14.984985
OLF,G374P,20.635742
OLF,G374Q,16.547546
OLF,G374R,11.153015
OLF,G374S,10.4296875
OLF,G374T,24.613342
OLF,G374V,16.060242
OLF,G374W,21.563599
OLF,G374Y,19.189636
OLF,G375A,20.956055
OLF,G375C,15.569153
OLF,G375D,13.65741
OLF,G375E,11.639893
OLF,G375F,8.281006
OLF,G375H,13.299561
OLF,G375I,12.70874
OLF,G375K,13.50293
OLF,G375L,2.2652588
OLF,G375M,1.0835571
OLF,G375N,23.156494
OLF,G375P,10.294434
OLF,G375Q,9.878662
OLF,G375R,6.251953
OLF,G375S,4.6343994
OLF,G375T,8.726807
OLF,G375V,14.640137
OLF,G375W,7.9779663
OLF,G375Y,5.1796265
OLF,Y376A,4.421692
OLF,Y376C,14.259094
OLF,Y376D,6.189514
OLF,Y376E,4.874939
OLF,Y376F,4.3688965
OLF,Y376G,10.873169
OLF,Y376H,1.9567261
OLF,Y376I,10.213501
OLF,Y376K,-2.486084
OLF,Y376L,2.614441
OLF,Y376M,3.4104004
OLF,Y376N,9.869141
OLF,Y376P,12.15802
OLF,Y376Q,6.460388
OLF,Y376R,6.564331
OLF,Y376S,2.0461426
OLF,Y376T,11.699951
OLF,Y376V,12.164856
OLF,Y376W,16.123596
OLF,T377A,13.84198
OLF,T377C,6.786133
OLF,T377D,6.4155273
OLF,T377E,8.4279785
OLF,T377F,5.362488
OLF,T377G,4.8828735
OLF,T377H,9.571472
OLF,T377I,14.016174
OLF,T377K,22.669495
OLF,T377L,6.168457
OLF,T377M,3.9951172
OLF,T377N,14.12854
OLF,T377P,4.4780273
OLF,T377Q,10.010193
OLF,T377R,11.389526
OLF,T377S,1.9255371
OLF,T377V,5.436035
OLF,T377W,-1.2336426
OLF,T377Y,0.14892578
OLF,D378A,21.59668
OLF,D378C,0.54711914
OLF,D378E,8.569458
OLF,D378F,10.125671
OLF,D378G,5.3268433
OLF,D378H,10.909363
OLF,D378I,20.16858
OLF,D378K,9.962769
OLF,D378L,9.34375
OLF,D378M,18.41626
OLF,D378N,22.23639
OLF,D378P,9.481262
OLF,D378Q,33.392822
OLF,D378R,9.719482
OLF,D378S,13.044434
OLF,D378T,8.645264
OLF,D378V,1.4281616
OLF,D378W,10.9626465
OLF,D378Y,7.589966
OLF,I379A,8.56604
OLF,I379C,12.040955
OLF,I379D,7.324707
OLF,I379E,22.377686
OLF,I379F,0.1385498
OLF,I379G,10.583191
OLF,I379H,16.157898
OLF,I379K,16.112793
OLF,I379L,8.751648
OLF,I379M,7.0443726
OLF,I379N,9.668152
OLF,I379P,-0.16455078
OLF,I379Q,6.588135
OLF,I379R,-0.8222046
OLF,I379S,7.1899414
OLF,I379T,-5.2800903
OLF,I379V,5.428711
OLF,I379W,7.1013184
OLF,I379Y,13.049622
OLF,D380A,1.4091797
OLF,D380C,9.656433
OLF,D380E,8.825378
OLF,D380F,3.5193481
OLF,D380G,9.884277
OLF,D380H,4.8896484
OLF,D380I,19.225586
OLF,D380K,14.116455
OLF,D380L,31.014221
OLF,D380M,13.245361
OLF,D380N,15.778564
OLF,D380P,13.825745
OLF,D380Q,17.677673
OLF,D380R,15.704163
OLF,D380S,-0.9255371
OLF,D380T,16.357605
OLF,D380V,3.3602295
OLF,D380W,10.978455
OLF,D380Y,8.712524
OLF,L381A,11.221924
OLF,L381C,14.155029
OLF,L381D,12.34552
OLF,L381E,6.1136475
OLF,L381F,15.203491
OLF,L381G,3.644165
OLF,L381H,1.4503784
OLF,L381I,7.0823364
OLF,L381K,1.3717651
OLF,L381M,15.091797
OLF,L381N,10.794067
OLF,L381P,19.063354
OLF,L381Q,29.455322
OLF,L381R,1.5810547
OLF,L381S,5.867676
OLF,L381T,14.153137
OLF,L381V,7.394409
OLF,L381W,6.027588
OLF,L381Y,9.963135
OLF,A382C,8.65094
OLF,A382D,5.402893
OLF,A382E,10.675598
OLF,A382F,15.723145
OLF,A382G,17.121643
OLF,A382H,10.900635
OLF,A382I,9.3515625
OLF,A382K,20.240662
OLF,A382L,6.565613
OLF,A382M,0.0713501
OLF,A382N,-0.47851562
OLF,A382P,4.8495483
OLF,A382Q,5.3103027
OLF,A382R,5.35376
OLF,A382S,-3.760254
OLF,A382T,8.434631
OLF,A382V,9.366882
OLF,A382W,6.1347656
OLF,A382Y,7.9539185
OLF,V383A,-1.3862305
OLF,V383C,7.810364
OLF,V383D,13.142334
OLF,V383E,12.169617
OLF,V383F,21.791138
OLF,V383G,6.626465
OLF,V383H,5.309265
OLF,V383I,-2.6052246
OLF,V383K,-2.4938354
OLF,V383L,-2.012268
OLF,V383M,10.12207
OLF,V383N,11.401428
OLF,V383P,12.400635
OLF,V383Q,7.519226
OLF,V383R,5.26355
OLF,V383S,15.407593
OLF,V383T,8.729004
OLF,V383W,3.6260986
OLF,V383Y,13.025085
OLF,D384A,11.691162
OLF,D384C,1.295105
OLF,D384E,13.539307
OLF,D384F,15.196167
OLF,D384G,2.8969727
OLF,D384H,7.190613
OLF,D384I,8.670837
OLF,D384K,3.354004
OLF,D384L,17.06311
OLF,D384M,12.819214
OLF,D384N,5.189453
OLF,D384P,0.2828369
OLF,D384Q,8.166016
OLF,D384R,9.958008
OLF,D384S,4.8114624
OLF,D384T,6.914551
OLF,D384V,8.737061
OLF,D384W,6.415283
OLF,D384Y,15.098328
OLF,E385A,4.6640015
OLF,E385C,10.143616
OLF,E385D,3.2658691
OLF,E385F,4.1013184
OLF,E385G,0.96154785
OLF,E385H,26.639648
OLF,E385I,11.844482
OLF,E385K,6.13208
OLF,E385L,13.344482
OLF,E385M,10.569214
OLF,E385N,10.130005
OLF,E385P,5.1904297
OLF,E385Q,5.814209
OLF,E385R,9.6918335
OLF,E385S,15.994019
OLF,E385T,6.5334473
OLF,E385V,9.860291
OLF,E385W,3.5442505
OLF,E385Y,-1.4968872
OLF,A386C,6.8737183
OLF,A386D,-6.5945435
OLF,A386E,-6.4014893
OLF,A386F,-3.913208
OLF,A386G,0.5774536
OLF,A386H,2.9225464
OLF,A386I,2.869812
OLF,A386K,-0.11376953
OLF,A386L,-6.4088135
OLF,A386M,-10.597046
OLF,A386N,-1.4000244
OLF,A386P,-1.8757324
OLF,A386Q,-0.6090088
OLF,A386R,-3.6451416
OLF,A386S,11.847168
OLF,A386T,7.438843
OLF,A386V,-7.4973145
OLF,A386W,7.847168
OLF,A386Y,1.0842285
OLF,G387A,-2.711914
OLF,G387C,13.399231
OLF,G387D,5.659912
OLF,G387E,21.336609
OLF,G387F,10.484985
OLF,G387H,21.340637
OLF,G387I,25.110352
OLF,G387K,18.658447
OLF,G387L,14.703552
OLF,G387M,7.347168
OLF,G387N,15.9348755
OLF,G387P,12.93811
OLF,G387Q,8.299866
OLF,G387R,25.71759
OLF,G387S,11.031006
OLF,G387T,31.71167
OLF,G387V,4.529602
OLF,G387W,12.293762
OLF,G387Y,11.878418
OLF,L388A,10.573608
OLF,L388C,11.649841
OLF,L388D,15.201904
OLF,L388E,12.311279
OLF,L388F,7.7575684
OLF,L388G,-2.1601562
OLF,L388H,15.067566
OLF,L388I,8.951294
OLF,L388K,9.941467
OLF,L388M,11.8063965
OLF,L388N,3.2375488
OLF,L388P,8.5625
OLF,L388Q,11.472412
OLF,L388R,11.866028
OLF,L388S,14.880859
OLF,L388T,1.5966797
OLF,L388V,23.332886
OLF,L388W,16.30481
OLF,L388Y,8.225769
OLF,W389A,9.891724
OLF,W389C,14.667725
OLF,W389D,11.340576
OLF,W389E,20.599731
OLF,W389F,9.079041
OLF,W389G,15.934814
OLF,W389H,19.435303
OLF,W389I,10.717102
OLF,W389K,7.102417
OLF,W389L,19.614563
OLF,W389M,4.5509644
OLF,W389N,20.972534
OLF,W389P,7.427246
OLF,W389Q,14.673645
OLF,W389R,8.170898
OLF,W389S,9.744324
OLF,W389T,13.010315
OLF,W389V,17.176025
OLF,W389Y,10.976318
OLF,V390A,-0.38415527
OLF,V390C,5.6153564
OLF,V390D,1.0887451
OLF,V390E,6.8254395
OLF,V390F,1.6386719
OLF,V390G,10.241211
OLF,V390H,7.302246
OLF,V390I,1.7728882
OLF,V390K,6.991455
OLF,V390L,0.4206543
OLF,V390M,1.749939
OLF,V390N,2.713745
OLF,V390P,2.4387817
OLF,V390Q,14.42865
OLF,V390R,4.218994
OLF,V390S,14.356934
OLF,V390T,6.5981445
OLF,V390W,6.864807
OLF,V390Y,2.7402954
OLF,I391A,11.824463
OLF,I391C,4.2476807
OLF,I391D,2.802063
OLF,I391E,19.759277
OLF,I391F,12.608459
OLF,I391G,5.937195
OLF,I391H,9.496582
OLF,I391K,8.932373
OLF,I391L,13.12561
OLF,I391M,22.388123
OLF,I391N,16.50586
OLF,I391P,13.520142
OLF,I391Q,7.8813477
OLF,I391R,13.796204
OLF,I391S,13.058472
OLF,I391T,10.832397
OLF,I391V,11.675842
OLF,I391W,11.771484
OLF,I391Y,12.701782
OLF,Y392A,11.395264
OLF,Y392C,18.052673
OLF,Y392D,5.2854004
OLF,Y392E,8.115234
OLF,Y392F,-2.7423706
OLF,Y392G,8.943115
OLF,Y392H,10.564575
OLF,Y392I,17.505005
OLF,Y392K,15.757629
OLF,Y392L,15.578247
OLF,Y392M,1.2810059
OLF,Y392N,5.300659
OLF,Y392P,3.3422852
OLF,Y392Q,15.318848
OLF,Y392R,-0.3597412
OLF,Y392S,4.232849
OLF,Y392T,6.3305664
OLF,Y392V,3.0709229
OLF,Y392W,7.521057
OLF,S393A,25.060486
OLF,S393C,8.779541
OLF,S393D,4.338562
OLF,S393E,13.647461
OLF,S393F,14.388489
OLF,S393G,1.4443359
OLF,S393H,0.4649048
OLF,S393I,15.370483
OLF,S393K,6.6325073
OLF,S393L,8.211975
OLF,S393M,11.021362
OLF,S393N,7.7544556
OLF,S393P,3.1468506
OLF,S393Q,4.253662
OLF,S393R,0.3140869
OLF,S393T,-0.24047852
OLF,S393V,17.070312
OLF,S393W,13.503052
OLF,S393Y,21.388428
OLF,T394A,4.579712
OLF,T394C,14.510315
OLF,T394D,19.592285
OLF,T394E,27.084412
OLF,T394F,16.796387
OLF,T394G,12.117493
OLF,T394H,19.636963
OLF,T394I,15.703125
OLF,T394K,12.225647
OLF,T394L,18.811035
OLF,T394M,20.89392
OLF,T394N,10.365662
OLF,T394P,23.216187
OLF,T394Q,7.376648
OLF,T394R,3.8302002
OLF,T394S,8.733459
OLF,T394V,7.101013
OLF,T394W,2.2459717
OLF,T394Y,14.454529
OLF,D395A,1.5247192
OLF,D395C,7.3015137
OLF,D395E,-3.5394287
OLF,D395F,7.2264404
OLF,D395G,-1.8573608
OLF,D395H,11.214722
OLF,D395I,-8.416565
OLF,D395K,-0.20367432
OLF,D395L,-1.9829102
OLF,D395M,5.0915527
OLF,D395N,17.982178
OLF,D395P,9.360779
OLF,D395Q,14.376953
OLF,D395R,5.470215
OLF,D395S,18.68689
OLF,D395T,4.800415
OLF,D395V,20.804504
OLF,D395W,3.4162598
OLF,D395Y,4.1846313
OLF,E396A,10.126343
OLF,E396C,19.371216
OLF,E396D,7.5162964
OLF,E396F,9.801514
OLF,E396G,2.1265259
OLF,E396H,12.533264
OLF,E396I,11.633545
OLF,E396K,14.831177
OLF,E396L,-7.2210693
OLF,E396M,8.312988
OLF,E396N,1.9623413
OLF,E396P,14.751282
OLF,E396Q,-0.60614014
OLF,E396R,-2.2185059
OLF,E396S,4.6187134
OLF,E396T,19.641602
OLF,E396V,1.9191895
OLF,E396W,4.6723633
OLF,E396Y,0.8126831
OLF,A397C,1.1477661
OLF,A397D,-1.1942749
OLF,A397E,5.5750732
OLF,A397F,18.742981
OLF,A397G,14.11322
OLF,A397H,14.062744
OLF,A397I,11.753418
OLF,A397K,13.403564
OLF,A397L,9.970276
OLF,A397M,10.890198
OLF,A397N,7.8485107
OLF,A397P,10.887268
OLF,A397Q,14.481689
OLF,A397R,11.205872
OLF,A397S,7.5114746
OLF,A397T,10.556641
OLF,A397V,12.34259
OLF,A397W,19.278564
OLF,A397Y,6.902832
OLF,K398A,-0.8722534
OLF,K398C,-2.2867432
OLF,K398D,-11.553284
OLF,K398E,-15.530579
OLF,K398F,-4.636841
OLF,K398G,-2.827942
OLF,K398H,-6.1848145
OLF,K398I,0.5570679
OLF,K398L,7.8535156
OLF,K398M,-12.765747
OLF,K398N,0.5253296
OLF,K398P,-8.208984
OLF,K398Q,-0.81292725
OLF,K398R,2.00708
OLF,K398S,-7.3842163
OLF,K398T,-12.998901
OLF,K398V,1.880249
OLF,K398W,-3.6697388
OLF,K398Y,-2.3012085
OLF,G399A,-6.3129883
OLF,G399C,0.6743164
OLF,G399D,0.7704468
OLF,G399E,0.008178711
OLF,G399F,-5.144287
OLF,G399H,1.4688721
OLF,G399I,2.88208
OLF,G399K,0.8340454
OLF,G399L,4.3061523
OLF,G399M,-0.6448364
OLF,G399N,7.645935
OLF,G399P,-1.9061279
OLF,G399Q,11.5390625
OLF,G399R,8.260132
OLF,G399S,9.488525
OLF,G399T,6.2075195
OLF,G399V,19.464111
OLF,G399W,26.19043
OLF,G399Y,11.599121
OLF,A400C,7.5959473
OLF,A400D,11.516846
OLF,A400E,6.4103394
OLF,A400F,7.9834595
OLF,A400G,11.098877
OLF,A400H,7.475403
OLF,A400I,2.1311035
OLF,A400K,12.7734375
OLF,A400L,6.522583
OLF,A400M,8.161865
OLF,A400N,1.3608398
OLF,A400P,17.511414
OLF,A400Q,14.638184
OLF,A400R,6.555969
OLF,A400S,19.88916
OLF,A400T,-3.2859497
OLF,A400V,19.958923
OLF,A400W,9.268555
OLF,A400Y,-4.02124
OLF,I401A,6.284668
OLF,I401C,0.9923706
OLF,I401D,5.720764
OLF,I401E,9.905823
OLF,I401F,9.97998
OLF,I401G,32.87964
OLF,I401H,12.100281
OLF,I401K,2.654419
OLF,I401L,5.892761
OLF,I401M,13.3706665
OLF,I401N,-0.2833252
OLF,I401P,12.858582
OLF,I401Q,2.5212402
OLF,I401R,7.0844116
OLF,I401S,8.078857
OLF,I401T,5.451416
OLF,I401V,24.171448
OLF,I401W,7.6240845
OLF,I401Y,10.0963745
OLF,V402A,20.390503
OLF,V402C,12.63855
OLF,V402D,3.7311401
OLF,V402E,12.430542
OLF,V402F,9.100769
OLF,V402G,12.547363
OLF,V402H,7.956299
OLF,V402I,1.6384277
OLF,V402K,7.477356
OLF,V402L,20.540527
OLF,V402M,2.5013428
OLF,V402N,3.49292
OLF,V402P,13.555664
OLF,V402Q,27.301514
OLF,V402R,22.257507
OLF,V402S,6.446228
OLF,V402T,-0.9527588
OLF,V402W,6.703369
OLF,V402Y,14.908447
OLF,L403A,2.980835
OLF,L403C,12.222839
OLF,L403D,3.2683105
OLF,L403E,2.0067139
OLF,L403F,1.2369995
OLF,L403G,7.8379517
OLF,L403H,3.1206055
OLF,L403I,6.041992
OLF,L403K,-1.7474976
OLF,L403M,15.695374
OLF,L403N,4.9143677
OLF,L403P,9.460266
OLF,L403Q,5.2212524
OLF,L403R,23.997803
OLF,L403S,11.769409
OLF,L403T,20.507568
OLF,L403V,0.07519531
OLF,L403W,5.7105103
OLF,L403Y,-0.76220703
OLF,S404A,2.944275
OLF,S404C,12.315247
OLF,S404D,11.738403
OLF,S404E,17.426025
OLF,S404F,20.335144
OLF,S404G,7.2165527
OLF,S404H,12.869629
OLF,S404I,11.707092
OLF,S404K,21.639038
OLF,S404L,10.243408
OLF,S404M,17.671143
OLF,S404N,7.805359
OLF,S404P,17.202759
OLF,S404Q,14.5859375
OLF,S404R,14.431274
OLF,S404T,9.1675415
OLF,S404V,-0.08111572
OLF,S404W,10.324463
OLF,S404Y,-1.6503906
OLF,K405A,5.7702637
OLF,K405C,3.050171
OLF,K405D,-2.9778442
OLF,K405E,4.5928955
OLF,K405F,28.641602
OLF,K405G,6.246216
OLF,K405H,-5.2786255
OLF,K405I,-2.1091309
OLF,K405L,0.83374023
OLF,K405M,-3.7444458
OLF,K405N,11.567505
OLF,K405P,2.371582
OLF,K405Q,6.9144897
OLF,K405R,12.545532
OLF,K405S,1.1331177
OLF,K405T,21.755615
OLF,K405V,5.9226685
OLF,K405W,18.611084
OLF,K405Y,3.1246338
OLF,L406A,6.12323
OLF,L406C,7.0393677
OLF,L406D,18.40918
OLF,L406E,12.0448
OLF,L406F,11.389832
OLF,L406G,20.0531
OLF,L406H,10.43689
OLF,L406I,9.106384
OLF,L406K,14.344116
OLF,L406M,10.613342
OLF,L406N,12.32489
OLF,L406P,15.264648
OLF,L406Q,9.260254
OLF,L406R,18.237122
OLF,L406S,5.9553833
OLF,L406T,21.292175
OLF,L406V,10.958984
OLF,L406W,4.949402
OLF,L406Y,10.259033
OLF,N407A,23.118896
OLF,N407C,2.166504
OLF,N407D,15.123047
OLF,N407E,1.5551147
OLF,N407F,20.417358
OLF,N407G,8.73584
OLF,N407H,11.876221
OLF,N407I,5.8637695
OLF,N407K,8.83606
OLF,N407L,8.412781
OLF,N407M,-0.45715332
OLF,N407P,7.284668
OLF,N407Q,11.420898
OLF,N407R,15.379639
OLF,N407S,0.17822266
OLF,N407T,19.285706
OLF,N407V,10.710632
OLF,N407W,8.411316
OLF,N407Y,7.404297
OLF,P408A,-0.49163818
OLF,P408C,7.782898
OLF,P408D,10.883179
OLF,P408E,27.00116
OLF,P408F,7.5095215
OLF,P408G,2.5614624
OLF,P408H,14.325073
OLF,P408I,17.119019
OLF,P408K,15.628235
OLF,P408L,10.235718
OLF,P408M,28.140503
OLF,P408N,11.123962
OLF,P408Q,10.281494
OLF,P408R,5.8778687
OLF,P408S,0.28295898
OLF,P408T,15.2109375
OLF,P408V,11.607117
OLF,P408W,8.598755
OLF,P408Y,25.501282
OLF,E409A,3.3921509
OLF,E409C,19.084045
OLF,E409D,3.8337402
OLF,E409F,-2.4155273
OLF,E409G,4.7247314
OLF,E409H,16.495605
OLF,E409I,2.4074097
OLF,E409K,10.865662
OLF,E409L,0.39978027
OLF,E409M,14.838135
OLF,E409N,22.799011
OLF,E409P,6.1621094
OLF,E409Q,12.828369
OLF,E409R,10.564758
OLF,E409S,4.5115967
OLF,E409T,-4.090576
OLF,E409V,3.0314941
OLF,E409W,7.5895386
OLF,E409Y,15.327881
OLF,N410A,15.572754
OLF,N410C,16.259949
OLF,N410D,5.5011597
OLF,N410E,10.1015625
OLF,N410F,-3.2037354
OLF,N410G,5.921631
OLF,N410H,14.85144
OLF,N410I,6.2644043
OLF,N410K,0.19726562
OLF,N410L,6.748108
OLF,N410M,3.0600586
OLF,N410P,8.612549
OLF,N410Q,13.55249
OLF,N410R,15.152466
OLF,N410S,-8.723877
OLF,N410T,2.1376953
OLF,N410V,-2.8173218
OLF,N410W,-1.578125
OLF,N410Y,10.570984
OLF,L411A,7.6382446
OLF,L411C,10.596252
OLF,L411D,14.376221
OLF,L411E,10.63678
OLF,L411F,6.0092773
OLF,L411G,6.2960815
OLF,L411H,11.288025
OLF,L411I,15.667114
OLF,L411K,17.360596
OLF,L411M,7.24646
OLF,L411N,6.8743286
OLF,L411P,1.7558594
OLF,L411Q,14.50061
OLF,L411R,10.894897
OLF,L411S,19.49347
OLF,L411T,8.315796
OLF,L411V,20.193848
OLF,L411W,21.12085
OLF,L411Y,39.151123
OLF,E412A,13.898987
OLF,E412C,15.559143
OLF,E412D,4.275696
OLF,E412F,4.7315674
OLF,E412G,7.946533
OLF,E412H,8.829834
OLF,E412I,13.272827
OLF,E412K,4.595703
OLF,E412L,7.9403076
OLF,E412M,8.946472
OLF,E412N,11.45929
OLF,E412P,17.762878
OLF,E412Q,1.1629028
OLF,E412R,12.298401
OLF,E412S,5.9329834
OLF,E412T,7.1897583
OLF,E412V,13.477417
OLF,E412W,15.928467
OLF,E412Y,11.1828
OLF,L413A,9.171143
OLF,L413C,5.275879
OLF,L413D,6.8709106
OLF,L413E,9.255127
OLF,L413F,3.7867432
OLF,L413G,5.286133
OLF,L413H,2.7816772
OLF,L413I,-2.6937866
OLF,L413K,-0.08154297
OLF,L413M,18.51471
OLF,L413N,11.600708
OLF,L413P,6.8320312
OLF,L413Q,7.6696167
OLF,L413R,-4.5028687
OLF,L413S,9.602051
OLF,L413T,0.019958496
OLF,L413V,7.10614
OLF,L413W,-3.918213
OLF,L413Y,5.8584595
OLF,E414A,12.341003
OLF,E414C,19.149658
OLF,E414D,19.20691
OLF,E414F,24.189941
OLF,E414G,4.7561646
OLF,E414H,7.352051
OLF,E414I,14.1310425
OLF,E414K,9.723511
OLF,E414L,11.473022
OLF,E414M,5.390625
OLF,E414N,6.909851
OLF,E414P,18.927795
OLF,E414Q,17.947754
OLF,E414R,7.199768
OLF,E414S,2.7227173
OLF,E414T,2.0949097
OLF,E414V,15.581665
OLF,E414W,14.816467
OLF,E414Y,7.2113647
OLF,Q415A,2.937622
OLF,Q415C,7.980713
OLF,Q415D,6.104492
OLF,Q415E,14.92749
OLF,Q415F,6.1519775
OLF,Q415G,2.1865845
OLF,Q415H,14.300659
OLF,Q415I,-1.5292969
OLF,Q415K,0.8178711
OLF,Q415L,0.016662598
OLF,Q415M,6.713196
OLF,Q415N,2.5256958
OLF,Q415P,12.077393
OLF,Q415R,3.9926758
OLF,Q415S,11.6328125
OLF,Q415T,8.423401
OLF,Q415V,4.3652344
OLF,Q415W,9.559326
OLF,Q415Y,1.5265503
OLF,T416A,0.38378906
OLF,T416C,17.189636
OLF,T416D,15.930054
OLF,T416E,4.970215
OLF,T416F,24.101562
OLF,T416G,11.836853
OLF,T416H,12.508179
OLF,T416I,24.287903
OLF,T416K,11.900879
OLF,T416L,12.699768
OLF,T416M,19.587524
OLF,T416N,12.649658
OLF,T416P,8.288025
OLF,T416Q,13.048157
OLF,T416R,12.3811035
OLF,T416S,2.6921387
OLF,T416V,1.1765747
OLF,T416W,0.87786865
OLF,T416Y,7.699707
OLF,W417A,5.9331055
OLF,W417C,19.066101
OLF,W417D,22.006714
OLF,W417E,5.2227173
OLF,W417F,1.2011719
OLF,W417G,8.6779175
OLF,W417H,9.085449
OLF,W417I,2.6339111
OLF,W417K,10.112061
OLF,W417L,1.1453247
OLF,W417M,7.071045
OLF,W417N,4.3427734
OLF,W417P,-3.1062012
OLF,W417Q,12.279053
OLF,W417R,6.380554
OLF,W417S,9.832886
OLF,W417T,5.1434937
OLF,W417V,23.31372
OLF,W417Y,7.57312
OLF,E418A,4.1500854
OLF,E418C,13.109863
OLF,E418D,1.9516602
OLF,E418F,-4.9439087
OLF,E418G,6.303955
OLF,E418H,22.199463
OLF,E418I,12.961731
OLF,E418K,2.5175781
OLF,E418L,10.826172
OLF,E418M,6.944763
OLF,E418N,7.17218
OLF,E418P,16.80127
OLF,E418Q,0.5465088
OLF,E418R,9.36084
OLF,E418S,9.132568
OLF,E418T,2.8746338
OLF,E418V,0.6673584
OLF,E418W,8.400879
OLF,E418Y,5.4766846
OLF,T419A,5.1903076
OLF,T419C,10.761963
OLF,T419D,0.44036865
OLF,T419E,8.140015
OLF,T419F,6.6829834
OLF,T419G,13.220337
OLF,T419H,12.032959
OLF,T419I,12.389465
OLF,T419K,6.3669434
OLF,T419L,5.916565
OLF,T419M,12.552734
OLF,T419N,9.630798
OLF,T419P,5.9033203
OLF,T419Q,1.9545898
OLF,T419R,9.018555
OLF,T419S,4.2666016
OLF,T419V,18.806213
OLF,T419W,0.13049316
OLF,T419Y,18.529236
OLF,N420A,20.625488
OLF,N420C,11.9021
OLF,N420D,3.0371094
OLF,N420E,13.68866
OLF,N420F,20.175842
OLF,N420G,1.9971313
OLF,N420H,13.640381
OLF,N420I,20.160522
OLF,N420K,7.6811523
OLF,N420L,7.622986
OLF,N420M,49.648865
OLF,N420P,5.8099365
OLF,N420Q,12.055786
OLF,N420R,8.68634
OLF,N420S,22.789001
OLF,N420T,8.214111
OLF,N420V,11.690613
OLF,N420W,1.6342773
OLF,N420Y,6.6726074
OLF,I421A,22.62378
OLF,I421C,24.078064
OLF,I421D,-0.8980713
OLF,I421E,13.081848
OLF,I421F,2.1448364
OLF,I421G,4.8723145
OLF,I421H,0.27648926
OLF,I421K,9.911499
OLF,I421L,9.166504
OLF,I421M,3.2422485
OLF,I421N,10.588928
OLF,I421P,10.79541
OLF,I421Q,3.003418
OLF,I421R,16.723816
OLF,I421S,4.507202
OLF,I421T,2.2688599
OLF,I421V,-2.6115112
OLF,I421W,12.674866
OLF,I421Y,11.103577
OLF,R422A,5.826172
OLF,R422C,6.517578
OLF,R422D,11.888123
OLF,R422E,1.4542236
OLF,R422F,11.769104
OLF,R422G,16.044373
OLF,R422H,14.221863
OLF,R422I,15.467224
OLF,R422K,6.102783
OLF,R422L,-5.8933716
OLF,R422M,6.1812134
OLF,R422N,15.566895
OLF,R422P,3.937439
OLF,R422Q,-2.7348633
OLF,R422S,0.98602295
OLF,R422T,10.788269
OLF,R422V,-0.7845459
OLF,R422W,15.225952
OLF,R422Y,-5.8549805
OLF,K423A,9.563843
OLF,K423C,12.083801
OLF,K423D,6.885559
OLF,K423E,5.975281
OLF,K423F,10.0252075
OLF,K423G,10.749817
OLF,K423H,10.40448
OLF,K423I,0.86083984
OLF,K423L,10.739258
OLF,K423M,16.49176
OLF,K423N,13.361206
OLF,K423P,12.629944
OLF,K423Q,16.4729
OLF,K423R,21.345764
OLF,K423S,14.515991
OLF,K423T,12.169983
OLF,K423V,11.846191
OLF,K423W,10.887756
OLF,K423Y,1.6958008
OLF,Q424A,9.351379
OLF,Q424C,6.5199585
OLF,Q424D,-0.8166504
OLF,Q424E,7.769409
OLF,Q424F,-0.22180176
OLF,Q424G,2.0934448
OLF,Q424H,10.175476
OLF,Q424I,13.570129
OLF,Q424K,-10.005066
OLF,Q424L,6.7280273
OLF,Q424M,-6.810425
OLF,Q424N,-3.199585
OLF,Q424P,-3.718628
OLF,Q424R,-9.0625
OLF,Q424S,2.9730225
OLF,Q424T,9.566467
OLF,Q424V,7.1708984
OLF,Q424W,-3.911621
OLF,Q424Y,-5.2227783
OLF,S425A,0.5551758
OLF,S425C,-4.0925903
OLF,S425D,-2.9713135
OLF,S425E,-2.4335327
OLF,S425F,14.670288
OLF,S425G,10.588684
OLF,S425H,7.173279
OLF,S425I,-9.922974
OLF,S425K,-13.540894
OLF,S425L,-3.1572266
OLF,S425M,7.767395
OLF,S425N,1.3991089
OLF,S425P,-2.3817139
OLF,S425Q,-4.9696655
OLF,S425R,-3.3048706
OLF,S425T,-0.32855225
OLF,S425V,0.14746094
OLF,S425W,7.305664
OLF,S425Y,0.9274292
OLF,V426A,17.402588
OLF,V426C,9.959961
OLF,V426D,11.138428
OLF,V426E,15.394653
OLF,V426F,4.0653687
OLF,V426G,6.9665527
OLF,V426H,13.313477
OLF,V426I,8.596252
OLF,V426K,7.6349487
OLF,V426L,15.356323
OLF,V426M,7.059082
OLF,V426N,9.795593
OLF,V426P,13.84613
OLF,V426Q,-3.9505005
OLF,V426R,13.624878
OLF,V426S,2.3769531
OLF,V426T,0.47595215
OLF,V426W,-0.59106445
OLF,V426Y,0.42541504
OLF,A427C,-3.8972778
OLF,A427D,0.29968262
OLF,A427E,9.465027
OLF,A427F,2.9085693
OLF,A427G,-4.6850586
OLF,A427H,22.040405
OLF,A427I,3.8896484
OLF,A427K,1.3706055
OLF,A427L,29.055115
OLF,A427M,4.531372
OLF,A427N,5.42041
OLF,A427P,9.406311
OLF,A427Q,5.226074
OLF,A427R,30.4068
OLF,A427S,-2.2146606
OLF,A427T,5.823242
OLF,A427V,-2.2365723
OLF,A427W,4.3671265
OLF,A427Y,-0.65075684
OLF,N428A,2.7885132
OLF,N428C,12.297546
OLF,N428D,3.8667603
OLF,N428E,10.097229
OLF,N428F,5.666687
OLF,N428G,-0.73779297
OLF,N428H,8.642151
OLF,N428I,13.384094
OLF,N428K,9.995972
OLF,N428L,21.812622
OLF,N428M,25.028992
OLF,N428P,7.4385986
OLF,N428Q,14.567444
OLF,N428R,9.802795
OLF,N428S,5.9799805
OLF,N428T,17.895996
OLF,N428V,14.939697
OLF,N428W,14.790955
OLF,N428Y,16.965698
OLF,A429C,10.118164
OLF,A429D,9.137085
OLF,A429E,21.827942
OLF,A429F,3.1586304
OLF,A429G,17.93097
OLF,A429H,15.994202
OLF,A429I,6.8240356
OLF,A429K,15.490906
OLF,A429L,15.514343
OLF,A429M,7.5578003
OLF,A429N,12.565796
OLF,A429P,17.703003
OLF,A429Q,14.041382
OLF,A429R,11.044067
OLF,A429S,7.673584
OLF,A429T,7.2194214
OLF,A429V,6.5892944
OLF,A429W,15.797607
OLF,A429Y,12.925659
OLF,F430A,19.276917
OLF,F430C,5.492798
OLF,F430D,7.1289673
OLF,F430E,17.597778
OLF,F430G,2.3152466
OLF,F430H,0.3798828
OLF,F430I,8.987793
OLF,F430K,4.354431
OLF,F430L,-6.760071
OLF,F430M,-0.5706177
OLF,F430N,12.471558
OLF,F430P,13.185303
OLF,F430Q,-0.8579712
OLF,F430R,-4.0826416
OLF,F430S,-5.002075
OLF,F430T,7.9973755
OLF,F430V,-1.40802
OLF,F430W,15.667053
OLF,F430Y,14.590149
OLF,I431A,13.431213
OLF,I431C,16.098633
OLF,I431D,17.315186
OLF,I431E,11.796448
OLF,I431F,12.51709
OLF,I431G,13.827576
OLF,I431H,15.658447
OLF,I431K,6.7471313
OLF,I431L,8.798157
OLF,I431M,-1.7503052
OLF,I431N,11.971252
OLF,I431P,31.040344
OLF,I431Q,12.481201
OLF,I431R,14.608276
OLF,I431S,-4.8532104
OLF,I431T,-2.4899902
OLF,I431V,-3.534607
OLF,I431W,9.197632
OLF,I431Y,1.2271729
OLF,I432A,7.3932495
OLF,I432C,5.9523315
OLF,I432D,1.6340942
OLF,I432E,13.148682
OLF,I432F,15.435547
OLF,I432G,2.475586
OLF,I432H,6.003784
OLF,I432K,4.2112427
OLF,I432L,15.072327
OLF,I432M,8.767822
OLF,I432N,2.53656
OLF,I432P,4.515625
OLF,I432Q,10.198914
OLF,I432R,11.330566
OLF,I432S,5.8272095
OLF,I432T,8.883057
OLF,I432V,-0.5932617
OLF,I432W,5.841675
OLF,I432Y,14.146484
OLF,C433A,2.6047363
OLF,C433D,8.350952
OLF,C433E,9.579285
OLF,C433F,3.215454
OLF,C433G,12.817993
OLF,C433H,15.166565
OLF,C433I,4.7126465
OLF,C433K,8.24585
OLF,C433L,24.227234
OLF,C433M,25.84375
OLF,C433N,27.160217
OLF,C433P,30.216675
OLF,C433Q,24.28772
OLF,C433R,21.224548
OLF,C433S,21.41333
OLF,C433T,21.206848
OLF,C433V,29.486206
OLF,C433W,26.207214
OLF,C433Y,25.290283
OLF,G434A,29.699707
OLF,G434C,23.311157
OLF,G434D,27.35138
OLF,G434E,18.95105
OLF,G434F,20.871521
OLF,G434H,14.988281
OLF,G434I,16.692993
OLF,G434K,24.658936
OLF,G434L,15.354065
OLF,G434M,20.897705
OLF,G434N,17.248535
OLF,G434P,17.068604
OLF,G434Q,11.690613
OLF,G434R,21.856262
OLF,G434S,10.637207
OLF,G434T,16.79773
OLF,G434V,17.374756
OLF,G434W,11.856384
OLF,G434Y,23.219055
OLF,T435A,6.892273
OLF,T435C,16.619934
OLF,T435D,11.966797
OLF,T435E,0.9678955
OLF,T435F,3.100647
OLF,T435G,13.741211
OLF,T435H,21.585632
OLF,T435I,4.170532
OLF,T435K,-2.0497437
OLF,T435L,13.18335
OLF,T435M,2.4953003
OLF,T435N,1.1767578
OLF,T435P,1.2790527
OLF,T435Q,1.0219116
OLF,T435R,3.887207
OLF,T435S,3.2250977
OLF,T435V,-9.4487915
OLF,T435W,8.13147
OLF,T435Y,14.953369
OLF,L436A,10.38208
OLF,L436C,7.022888
OLF,L436D,7.509033
OLF,L436E,25.790771
OLF,L436F,13.710876
OLF,L436G,12.848389
OLF,L436H,7.83844
OLF,L436I,4.949341
OLF,L436K,6.262329
OLF,L436M,2.2962036
OLF,L436N,3.0690308
OLF,L436P,4.715027
OLF,L436Q,9.175537
OLF,L436R,10.508057
OLF,L436S,7.857239
OLF,L436T,14.016113
OLF,L436V,14.182007
OLF,L436W,7.260254
OLF,L436Y,3.0596924
OLF,Y437A,19.289429
OLF,Y437C,11.182617
OLF,Y437D,25.875
OLF,Y437E,11.949768
OLF,Y437F,12.597839
OLF,Y437G,2.2976685
OLF,Y437H,11.608276
OLF,Y437I,14.584961
OLF,Y437K,15.555725
OLF,Y437L,4.951172
OLF,Y437M,7.7122803
OLF,Y437N,10.337219
OLF,Y437P,23.625427
OLF,Y437Q,21.578003
OLF,Y437R,15.296692
OLF,Y437S,19.89795
OLF,Y437T,15.7854
OLF,Y437V,18.120117
OLF,Y437W,26.875732
OLF,T438A,5.5509644
OLF,T438C,12.277527
OLF,T438D,12.759338
OLF,T438E,12.786926
OLF,T438F,16.359436
OLF,T438G,18.359375
OLF,T438H,22.376953
OLF,T438I,16.357971
OLF,T438K,18.951355
OLF,T438L,-3.3772583
OLF,T438M,3.1312866
OLF,T438N,4.453125
OLF,T438P,-5.6176147
OLF,T438Q,-2.5930176
OLF,T438R,7.355774
OLF,T438S,0.25164795
OLF,T438V,-7.1103516
OLF,T438W,-1.9863281
OLF,T438Y,4.880615
OLF,V439A,-3.9067383
OLF,V439C,-1.3322754
OLF,V439D,5.8397827
OLF,V439E,8.608704
OLF,V439F,11.312195
OLF,V439G,1.93573
OLF,V439H,4.8048706
OLF,V439I,4.2854004
OLF,V439K,6.1990967
OLF,V439L,17.901611
OLF,V439M,14.792236
OLF,V439N,1.6226196
OLF,V439P,8.921997
OLF,V439Q,10.0373535
OLF,V439R,14.820557
OLF,V439S,4.5909424
OLF,V439T,7.180908
OLF,V439W,16.45691
OLF,V439Y,13.407898
OLF,S440A,11.541626
OLF,S440C,2.0552368
OLF,S440D,7.69989
OLF,S440E,6.4328613
OLF,S440F,4.7213135
OLF,S440G,8.319397
OLF,S440H,-1.7789307
OLF,S440I,6.3862915
OLF,S440K,-3.585083
OLF,S440L,12.335815
OLF,S440M,3.1003418
OLF,S440N,5.905945
OLF,S440P,13.44751
OLF,S440Q,-3.0410156
OLF,S440R,-4.59375
OLF,S440T,11.104858
OLF,S440V,3.6731567
OLF,S440W,-0.43920898
OLF,S440Y,0.17877197
OLF,S441A,9.271423
OLF,S441C,6.704895
OLF,S441D,1.3214111
OLF,S441E,12.523682
OLF,S441F,12.391846
OLF,S441G,8.281616
OLF,S441H,4.172119
OLF,S441I,11.671631
OLF,S441K,3.9034424
OLF,S441L,7.807129
OLF,S441M,3.713684
OLF,S441N,6.1346436
OLF,S441P,13.786377
OLF,S441Q,19.138062
OLF,S441R,16.156372
OLF,S441T,10.053955
OLF,S441V,5.7625732
OLF,S441W,7.727295
OLF,S441Y,11.197693
OLF,Y442A,9.722168
OLF,Y442C,1.6003418
OLF,Y442D,5.7129517
OLF,Y442E,2.3931274
OLF,Y442F,1.7541504
OLF,Y442G,6.5253906
OLF,Y442H,6.703003
OLF,Y442I,9.420227
OLF,Y442K,2.1721191
OLF,Y442L,4.080078
OLF,Y442M,10.0354
OLF,Y442N,4.08313
OLF,Y442P,8.910645
OLF,Y442Q,-1.7556152
OLF,Y442R,5.317383
OLF,Y442S,-0.11627197
OLF,Y442T,11.669128
OLF,Y442V,1.7319336
OLF,Y442W,10.087891
OLF,T443A,6.216797
OLF,T443C,-0.21661377
OLF,T443D,0.5388794
OLF,T443E,33.249878
OLF,T443F,7.702881
OLF,T443G,2.8583984
OLF,T443H,9.380859
OLF,T443I,-6.403076
OLF,T443K,-3.2366333
OLF,T443L,-0.70440674
OLF,T443M,-2.980957
OLF,T443N,3.1192017
OLF,T443P,0.6171875
OLF,T443Q,-4.153137
OLF,T443R,-6.7991333
OLF,T443S,-2.133606
OLF,T443V,-1.7426758
OLF,T443W,-1.5444336
OLF,T443Y,-2.8226318
OLF,S444A,1.0681763
OLF,S444C,13.112061
OLF,S444D,-2.7196045
OLF,S444E,5.5165405
OLF,S444F,8.638428
OLF,S444G,3.7454224
OLF,S444H,10.588684
OLF,S444I,19.032227
OLF,S444K,-7.7041626
OLF,S444L,8.36792
OLF,S444M,7.6593018
OLF,S444N,7.1949463
OLF,S444P,-0.79418945
OLF,S444Q,-8.285095
OLF,S444R,-3.7557983
OLF,S444T,-8.102966
OLF,S444V,3.5532227
OLF,S444W,-8.834045
OLF,S444Y,-3.715271
OLF,A445C,-9.170166
OLF,A445D,-4.466614
OLF,A445E,-3.715088
OLF,A445F,-6.504883
OLF,A445G,6.0496826
OLF,A445H,1.1630249
OLF,A445I,0.7484131
OLF,A445K,7.8355103
OLF,A445L,0.056884766
OLF,A445M,2.3686523
OLF,A445N,9.510742
OLF,A445P,16.167847
OLF,A445Q,-1.1929321
OLF,A445R,0.1640625
OLF,A445S,-0.7023926
OLF,A445T,16.44873
OLF,A445V,11.163391
OLF,A445W,2.194336
OLF,A445Y,1.888916
OLF,D446A,29.665771
OLF,D446C,2.2268066
OLF,D446E,9.800659
OLF,D446F,11.777832
OLF,D446G,0.11395264
OLF,D446H,7.3687744
OLF,D446I,8.309448
OLF,D446K,1.550293
OLF,D446L,21.240479
OLF,D446M,-3.5969849
OLF,D446N,9.252563
OLF,D446P,-1.6297607
OLF,D446Q,16.611877
OLF,D446R,23.93634
OLF,D446S,18.083496
OLF,D446T,5.0651245
OLF,D446V,9.637939
OLF,D446W,-5.189636
OLF,D446Y,-10.350342
OLF,A447C,-0.5067749
OLF,A447D,2.5454712
OLF,A447E,-4.5235596
OLF,A447F,-0.03466797
OLF,A447G,-6.1464233
OLF,A447H,7.133789
OLF,A447I,2.7722778
OLF,A447K,10.508301
OLF,A447L,5.134033
OLF,A447M,-2.8139648
OLF,A447N,3.5605469
OLF,A447P,-0.4541626
OLF,A447Q,-10.582031
OLF,A447R,3.0072632
OLF,A447S,7.3324585
OLF,A447T,-1.7834473
OLF,A447V,20.26831
OLF,A447W,5.7161255
OLF,A447Y,2.0596924
OLF,T448A,-2.7838745
OLF,T448C,2.5490112
OLF,T448D,7.8897095
OLF,T448E,-3.6131592
OLF,T448F,0.014099121
OLF,T448G,8.200623
OLF,T448H,3.7904663
OLF,T448I,0.14642334
OLF,T448K,16.1969
OLF,T448L,10.877319
OLF,T448M,5.425537
OLF,T448N,19.300842
OLF,T448P,17.69751
OLF,T448Q,12.62854
OLF,T448R,-1.276001
OLF,T448S,3.3730469
OLF,T448V,10.019592
OLF,T448W,10.85791
OLF,T448Y,3.2487793
OLF,V449A,7.5717773
OLF,V449C,2.5791016
OLF,V449D,4.137024
OLF,V449E,14.652405
OLF,V449F,15.6936035
OLF,V449G,3.6559448
OLF,V449H,-0.43603516
OLF,V449I,6.1428223
OLF,V449K,14.469116
OLF,V449L,-2.4434814
OLF,V449M,-2.6156006
OLF,V449N,14.236023
OLF,V449P,17.967346
OLF,V449Q,10.065002
OLF,V449R,3.3125
OLF,V449S,5.821411
OLF,V449T,-3.3129272
OLF,V449W,4.34198
OLF,V449Y,4.041992
OLF,N450A,7.0805664
OLF,N450C,7.2506714
OLF,N450D,2.4057617
OLF,N450E,-4.162964
OLF,N450F,2.9924927
OLF,N450G,-1.3487549
OLF,N450H,4.423218
OLF,N450I,10.030945
OLF,N450K,5.8934937
OLF,N450L,2.654663
OLF,N450M,6.482422
OLF,N450P,-5.3569336
OLF,N450Q,18.332886
OLF,N450R,-0.22436523
OLF,N450S,1.81604
OLF,N450T,8.95697
OLF,N450V,2.6369019
OLF,N450W,3.3537598
OLF,N450Y,5.288452
OLF,F451A,15.087585
OLF,F451C,2.456787
OLF,F451D,6.909424
OLF,F451E,5.6306763
OLF,F451G,-2.8902588
OLF,F451H,-2.074707
OLF,F451I,-0.48327637
OLF,F451K,-4.6140137
OLF,F451L,3.46167
OLF,F451M,-3.2149658
OLF,F451N,6.3460693
OLF,F451P,-2.4857788
OLF,F451Q,6.2157593
OLF,F451R,0.11065674
OLF,F451S,7.6011963
OLF,F451T,-0.08508301
OLF,F451V,-0.17822266
OLF,F451W,-1.5002441
OLF,F451Y,1.5366211
OLF,A452C,7.7528076
OLF,A452D,8.562744
OLF,A452E,23.450073
OLF,A452F,8.770508
OLF,A452G,7.4956665
OLF,A452H,13.836975
OLF,A452I,13.350098
OLF,A452K,15.326233
OLF,A452L,14.068848
OLF,A452M,1.807373
OLF,A452N,12.4436035
OLF,A452P,6.645996
OLF,A452Q,14.7821045
OLF,A452R,9.179199
OLF,A452S,13.224365
OLF,A452T,4.718933
OLF,A452V,6.2512207
OLF,A452W,15.249512
OLF,A452Y,6.800049
OLF,Y453A,15.813721
OLF,Y453C,5.912903
OLF,Y453D,9.297913
OLF,Y453E,21.781677
OLF,Y453F,11.040283
OLF,Y453G,7.4125977
OLF,Y453H,21.765625
OLF,Y453I,16.009827
OLF,Y453K,-0.6342163
OLF,Y453L,13.09137
OLF,Y453M,7.0824585
OLF,Y453N,8.979004
OLF,Y453P,6.6917725
OLF,Y453Q,15.727173
OLF,Y453R,13.08844
OLF,Y453S,9.108887
OLF,Y453T,18.360657
OLF,Y453V,15.483887
OLF,Y453W,15.595947
OLF,D454A,8.901367
OLF,D454C,8.125366
OLF,D454E,26.063782
OLF,D454F,19.3078
OLF,D454G,8.926514
OLF,D454H,18.282959
OLF,D454I,9.827148
OLF,D454K,14.516235
OLF,D454L,2.9906006
OLF,D454M,18.73291
OLF,D454N,7.439453
OLF,D454P,9.608643
OLF,D454Q,13.787476
OLF,D454R,10.210571
OLF,D454S,5.817566
OLF,D454T,23.173462
OLF,D454V,27.007568
OLF,D454W,6.0423584
OLF,D454Y,14.569946
OLF,T455A,12.452148
OLF,T455C,15.616455
OLF,T455D,8.651428
OLF,T455E,20.195435
OLF,T455F,7.222107
OLF,T455G,15.5625
OLF,T455H,3.2441406
OLF,T455I,5.8984985
OLF,T455K,-3.7091064
OLF,T455L,11.538818
OLF,T455M,-0.993042
OLF,T455N,10.154724
OLF,T455P,-9.371826
OLF,T455Q,1.6918945
OLF,T455R,8.356262
OLF,T455S,2.7473755
OLF,T455V,-8.436523
OLF,T455W,13.713379
OLF,T455Y,-3.3291016
OLF,G456A,-5.9729614
OLF,G456C,-2.852356
OLF,G456D,-6.845215
OLF,G456E,18.341187
OLF,G456F,10.287598
OLF,G456H,9.65155
OLF,G456I,8.405701
OLF,G456K,6.651123
OLF,G456L,2.381897
OLF,G456M,13.938721
OLF,G456N,13.358887
OLF,G456P,24.01062
OLF,G456Q,10.387146
OLF,G456R,9.087219
OLF,G456S,20.425964
OLF,G456T,11.133057
OLF,G456V,29.247803
OLF,G456W,15.625366
OLF,G456Y,24.056091
OLF,T457A,13.361572
OLF,T457C,13.018555
OLF,T457D,14.323608
OLF,T457E,10.653198
OLF,T457F,7.395508
OLF,T457G,5.1397095
OLF,T457H,13.2948
OLF,T457I,13.053894
OLF,T457K,5.565796
OLF,T457L,14.667603
OLF,T457M,16.140991
OLF,T457N,4.8687134
OLF,T457P,1.9665527
OLF,T457Q,6.5737305
OLF,T457R,13.765686
OLF,T457S,13.049194
OLF,T457V,17.379333
OLF,T457W,4.01239
OLF,T457Y,25.92633
OLF,G458A,-5.072571
OLF,G458C,5.462158
OLF,G458D,2.3970947
OLF,G458E,12.712158
OLF,G458F,2.005371
OLF,G458H,0.057373047
OLF,G458I,-8.894226
OLF,G458K,2.9753418
OLF,G458L,4.404724
OLF,G458M,2.446045
OLF,G458N,8.169312
OLF,G458P,-2.5653687
OLF,G458Q,6.208008
OLF,G458R,14.201233
OLF,G458S,5.558655
OLF,G458T,14.72522
OLF,G458V,10.119385
OLF,G458W,7.2471924
OLF,G458Y,7.775879
OLF,I459A,5.135315
OLF,I459C,0.333313
OLF,I459D,3.8409424
OLF,I459E,1.1611328
OLF,I459F,18.092346
OLF,I459G,5.3427734
OLF,I459H,11.137634
OLF,I459K,8.556335
OLF,I459L,28.424622
OLF,I459M,1.3166504
OLF,I459N,10.575806
OLF,I459P,-2.3842773
OLF,I459Q,16.868347
OLF,I459R,17.047302
OLF,I459S,7.064514
OLF,I459T,-1.8237305
OLF,I459V,-5.926697
OLF,I459W,2.0090942
OLF,I459Y,10.591797
OLF,S460A,20.789368
OLF,S460C,9.059814
OLF,S460D,7.018799
OLF,S460E,10.186218
OLF,S460F,22.470947
OLF,S460G,19.707886
OLF,S460H,5.2926636
OLF,S460I,19.721252
OLF,S460K,0.86120605
OLF,S460L,-2.3031006
OLF,S460M,-0.52227783
OLF,S460N,1.5507202
OLF,S460P,2.1247559
OLF,S460Q,12.453186
OLF,S460R,-5.0150146
OLF,S460T,3.7318726
OLF,S460V,9.597534
OLF,S460W,6.0527344
OLF,S460Y,2.8465576
OLF,K461A,3.2015991
OLF,K461C,17.484741
OLF,K461D,2.2802734
OLF,K461E,-0.86712646
OLF,K461F,5.007202
OLF,K461G,7.9403076
OLF,K461H,4.9072266
OLF,K461I,9.30719
OLF,K461L,6.38855
OLF,K461M,13.199646
OLF,K461N,12.34668
OLF,K461P,9.868164
OLF,K461Q,9.821594
OLF,K461R,16.44336
OLF,K461S,8.654602
OLF,K461T,9.95874
OLF,K461V,9.870789
OLF,K461W,5.0216064
OLF,K461Y,15.0216675
OLF,T462A,-3.4711304
OLF,T462C,-5.554199
OLF,T462D,12.1936035
OLF,T462E,5.5771484
OLF,T462F,-6.766968
OLF,T462G,-3.0604858
OLF,T462H,11.294678
OLF,T462I,2.0628662
OLF,T462K,1.7532959
OLF,T462L,-2.7094727
OLF,T462M,-9.861267
OLF,T462N,7.5143433
OLF,T462P,-0.9875488
OLF,T462Q,1.8430176
OLF,T462R,0.39422607
OLF,T462S,-3.2441406
OLF,T462V,-5.0438843
OLF,T462W,1.3037109
OLF,T462Y,9.422241
OLF,L463A,5.3913574
OLF,L463C,1.2001953
OLF,L463D,-0.83618164
OLF,L463E,-4.3573
OLF,L463F,9.96167
OLF,L463G,10.710754
OLF,L463H,8.514893
OLF,L463I,3.5072632
OLF,L463K,1.0731201
OLF,L463M,-1.0800171
OLF,L463N,-1.0575562
OLF,L463P,1.3772583
OLF,L463Q,-3.043579
OLF,L463R,-0.09423828
OLF,L463S,0.7285156
OLF,L463T,-0.6045532
OLF,L463V,5.753723
OLF,L463W,10.238953
OLF,L463Y,9.457031
OLF,T464A,-0.09075928
OLF,T464C,-0.49243164
OLF,T464D,5.144409
OLF,T464E,6.906189
OLF,T464F,-11.764832
OLF,T464G,-4.239624
OLF,T464H,5.119995
OLF,T464I,-3.6622314
OLF,T464K,-3.562683
OLF,T464L,-4.915222
OLF,T464M,3.8286133
OLF,T464N,2.0123901
OLF,T464P,-0.25042725
OLF,T464Q,6.1795044
OLF,T464R,-1.2680664
OLF,T464S,8.133789
OLF,T464V,2.1811523
OLF,T464W,17.388916
OLF,T464Y,6.72583
OLF,I465A,16.057129
OLF,I465C,3.8086548
OLF,I465D,16.099731
OLF,I465E,13.742432
OLF,I465F,7.0356445
OLF,I465G,10.478394
OLF,I465H,14.236389
OLF,I465K,2.699585
OLF,I465L,23.799011
OLF,I465M,14.167297
OLF,I465N,16.568115
OLF,I465P,16.33545
OLF,I465Q,16.29004
OLF,I465R,14.808228
OLF,I465S,17.396057
OLF,I465T,27.216736
OLF,I465V,15.296143
OLF,I465W,17.302307
OLF,I465Y,21.399048
OLF,P466A,21.393799
OLF,P466C,36.98877
OLF,P466D,18.94751
OLF,P466E,15.751465
OLF,P466F,13.96991
OLF,P466G,13.58783
OLF,P466H,24.824707
OLF,P466I,1.9109497
OLF,P466K,11.0578
OLF,P466L,7.78479
OLF,P466M,9.390808
OLF,P466N,-1.2770386
OLF,P466Q,4.98584
OLF,P466R,15.611511
OLF,P466S,3.2698364
OLF,P466T,9.612305
OLF,P466V,7.4591675
OLF,P466W,16.950195
OLF,P466Y,6.3930054
OLF,F467A,14.629272
OLF,F467C,5.744629
OLF,F467D,13.877197
OLF,F467E,23.133972
OLF,F467G,9.402405
OLF,F467H,23.772705
OLF,F467I,14.668213
OLF,F467K,21.611877
OLF,F467L,14.727417
OLF,F467M,19.94812
OLF,F467N,15.424072
OLF,F467P,20.690186
OLF,F467Q,19.463135
OLF,F467R,25.258606
OLF,F467S,29.497559
OLF,F467T,15.771362
OLF,F467V,16.350098
OLF,F467W,14.845093
OLF,F467Y,13.807861
OLF,K468A,19.624207
OLF,K468C,14.83551
OLF,K468D,6.5404053
OLF,K468E,0.6020508
OLF,K468F,13.270081
OLF,K468G,6.5704346
OLF,K468H,7.3137207
OLF,K468I,7.1098633
OLF,K468L,14.349548
OLF,K468M,6.2772217
OLF,K468N,9.911316
OLF,K468P,-1.9872437
OLF,K468Q,-0.19714355
OLF,K468R,2.6069336
OLF,K468S,9.063843
OLF,K468T,-6.7036133
OLF,K468V,6.0203857
OLF,K468W,-3.9863892
OLF,K468Y,-4.897278
OLF,N469A,14.740662
OLF,N469C,4.831787
OLF,N469D,-3.6516113
OLF,N469E,17.848694
OLF,N469F,2.576233
OLF,N469G,1.3156738
OLF,N469H,-0.72436523
OLF,N469I,-5.398926
OLF,N469K,-3.3886108
OLF,N469L,5.269043
OLF,N469M,3.0563965
OLF,N469P,-1.1625366
OLF,N469Q,11.873596
OLF,N469R,23.279297
OLF,N469S,29.816406
OLF,N469T,8.535645
OLF,N469V,21.455566
OLF,N469W,1.8149414
OLF,N469Y,7.995056
OLF,R470A,11.805115
OLF,R470C,8.669312
OLF,R470D,30.160583
OLF,R470E,7.0460205
OLF,R470F,20.324707
OLF,R470G,9.146912
OLF,R470H,10.406738
OLF,R470I,7.147705
OLF,R470K,1.8093262
OLF,R470L,-5.778076
OLF,R470M,10.579346
OLF,R470N,12.180908
OLF,R470P,-0.67718506
OLF,R470Q,-5.466675
OLF,R470S,-3.1975098
OLF,R470T,0.2633667
OLF,R470V,10.602844
OLF,R470W,1.7662354
OLF,R470Y,4.14209
OLF,Y471A,5.863037
OLF,Y471C,4.310669
OLF,Y471D,7.459961
OLF,Y471E,10.235535
OLF,Y471F,5.618164
OLF,Y471G,4.0913086
OLF,Y471H,24.126892
OLF,Y471I,8.938232
OLF,Y471K,12.329468
OLF,Y471L,13.597656
OLF,Y471M,24.337036
OLF,Y471N,12.446045
OLF,Y471P,13.065186
OLF,Y471Q,10.855103
OLF,Y471R,27.856995
OLF,Y471S,24.292358
OLF,Y471T,18.429138
OLF,Y471V,31.449463
OLF,Y471W,29.854431
OLF,K472A,1.6194458
OLF,K472C,5.369629
OLF,K472D,7.7941895
OLF,K472E,-4.776001
OLF,K472F,-5.6290283
OLF,K472G,-1.8164062
OLF,K472H,-8.265015
OLF,K472I,-5.569641
OLF,K472L,-3.0899658
OLF,K472M,-4.5184937
OLF,K472N,-5.7304688
OLF,K472P,-7.767395
OLF,K472Q,-2.4435425
OLF,K472R,5.501465
OLF,K472S,-4.4697266
OLF,K472T,20.268433
OLF,K472V,12.307678
OLF,K472W,-8.063477
OLF,K472Y,1.3082275
OLF,Y473A,-5.7544556
OLF,Y473C,-1.9785156
OLF,Y473D,9.341553
OLF,Y473E,11.827087
OLF,Y473F,-0.34014893
OLF,Y473G,2.9487305
OLF,Y473H,2.9430542
OLF,Y473I,6.4733276
OLF,Y473K,-2.7334595
OLF,Y473L,4.4941406
OLF,Y473M,2.6257324
OLF,Y473N,-4.5872803
OLF,Y473P,6.7651978
OLF,Y473Q,-5.4470825
OLF,Y473R,13.070374
OLF,Y473S,13.144409
OLF,Y473T,20.302124
OLF,Y473V,6.564636
OLF,Y473W,8.745117
OLF,S474A,8.575806
OLF,S474C,29.417053
OLF,S474D,6.371277
OLF,S474E,5.372864
OLF,S474F,32.332764
OLF,S474G,-3.6696167
OLF,S474H,7.378784
OLF,S474I,-3.7218628
OLF,S474K,-2.2317505
OLF,S474L,-8.394287
OLF,S474M,-0.17773438
OLF,S474N,26.154785
OLF,S474P,-1.6523438
OLF,S474Q,-1.0324707
OLF,S474R,7.045166
OLF,S474T,-1.8896484
OLF,S474V,2.135559
OLF,S474W,-3.5793457
OLF,S474Y,9.045837
OLF,S475A,5.775757
OLF,S475C,4.815674
OLF,S475D,2.7504883
OLF,S475E,7.3968506
OLF,S475F,14.822449
OLF,S475G,10.719971
OLF,S475H,1.6064453
OLF,S475I,13.774231
OLF,S475K,5.3449097
OLF,S475L,16.553406
OLF,S475M,4.6344604
OLF,S475N,4.2074585
OLF,S475P,11.771118
OLF,S475Q,2.5425415
OLF,S475R,13.158752
OLF,S475T,15.417175
OLF,S475V,1.6552734
OLF,S475W,10.388489
OLF,S475Y,4.2630005
OLF,M476A,8.406738
OLF,M476C,15.66864
OLF,M476D,25.944641
OLF,M476E,13.6293335
OLF,M476F,5.311096
OLF,M476G,12.96759
OLF,M476H,8.169128
OLF,M476I,4.1642456
OLF,M476K,1.7374268
OLF,M476L,7.9938965
OLF,M476N,2.0375366
OLF,M476P,15.293335
OLF,M476Q,9.508423
OLF,M476R,5.5949097
OLF,M476S,-6.7199707
OLF,M476T,4.705078
OLF,M476V,3.7253418
OLF,M476W,13.037659
OLF,M476Y,13.495605
OLF,I477A,2.1210938
OLF,I477C,-6.631592
OLF,I477D,3.7745972
OLF,I477E,0.24249268
OLF,I477F,5.06958
OLF,I477G,6.7557373
OLF,I477H,6.498108
OLF,I477K,16.02185
OLF,I477L,-5.1747437
OLF,I477M,14.508179
OLF,I477N,7.2180176
OLF,I477P,9.475342
OLF,I477Q,1.0537109
OLF,I477R,14.348816
OLF,I477S,13.847961
OLF,I477T,3.9780273
OLF,I477V,1.0005493
OLF,I477W,2.3344727
OLF,I477Y,10.02002
OLF,D478A,8.073303
OLF,D478C,-1.171814
OLF,D478E,3.3008423
OLF,D478F,11.552307
OLF,D478G,-3.6733398
OLF,D478H,10.846863
OLF,D478I,3.442688
OLF,D478K,-1.5684814
OLF,D478L,8.002075
OLF,D478M,0.69763184
OLF,D478N,2.451538
OLF,D478P,10.462158
OLF,D478Q,-2.9309692
OLF,D478R,8.579834
OLF,D478S,-5.273987
OLF,D478T,5.7212524
OLF,D478V,4.1848145
OLF,D478W,-0.17877197
OLF,D478Y,3.8918457
OLF,Y479A,-0.7677002
OLF,Y479C,3.7192383
OLF,Y479D,9.931641
OLF,Y479E,11.748291
OLF,Y479F,0.58709717
OLF,Y479G,5.7230225
OLF,Y479H,3.388733
OLF,Y479I,-0.86328125
OLF,Y479K,5.2192993
OLF,Y479L,4.409912
OLF,Y479M,10.298584
OLF,Y479N,-3.1917725
OLF,Y479P,-3.9988403
OLF,Y479Q,-1.5075073
OLF,Y479R,13.433899
OLF,Y479S,6.9501343
OLF,Y479T,10.187378
OLF,Y479V,16.36621
OLF,Y479W,18.450806
OLF,N480A,15.447266
OLF,N480C,4.221924
OLF,N480D,16.09552
OLF,N480E,7.440796
OLF,N480F,24.609741
OLF,N480G,13.847168
OLF,N480H,15.030334
OLF,N480I,20.642334
OLF,N480K,7.4362793
OLF,N480L,7.265625
OLF,N480M,7.5530396
OLF,N480P,8.43396
OLF,N480Q,10.995605
OLF,N480R,5.503723
OLF,N480S,5.8762817
OLF,N480T,9.365356
OLF,N480V,25.923462
OLF,N480W,8.689453
OLF,N480Y,8.881165
OLF,P481A,11.367493
OLF,P481C,8.48407
OLF,P481D,5.6623535
OLF,P481E,3.795105
OLF,P481F,6.2842407
OLF,P481G,13.766602
OLF,P481H,4.4119263
OLF,P481I,14.260681
OLF,P481K,1.2280884
OLF,P481L,-6.0076294
OLF,P481M,0.2919922
OLF,P481N,-8.067078
OLF,P481Q,16.685059
OLF,P481R,-10.347656
OLF,P481S,3.7702637
OLF,P481T,-3.3017578
OLF,P481V,-1.9597168
OLF,P481W,11.474609
OLF,P481Y,-7.9838257
OLF,L482A,-12.450134
OLF,L482C,-8.205078
OLF,L482D,-9.477173
OLF,L482E,14.667664
OLF,L482F,-2.105957
OLF,L482G,-7.086914
OLF,L482H,11.393311
OLF,L482I,9.599426
OLF,L482K,6.3546753
OLF,L482M,17.358765
OLF,L482N,-4.1601562
OLF,L482P,-4.932129
OLF,L482Q,6.4835815
OLF,L482R,-8.940002
OLF,L482S,-4.164551
OLF,L482T,-3.435913
OLF,L482V,14.063721
OLF,L482W,-3.9418945
OLF,L482Y,-7.7075195
OLF,E483A,18.454346
OLF,E483C,-6.234253
OLF,E483D,3.449829
OLF,E483F,17.912842
OLF,E483G,8.276611
OLF,E483H,5.98584
OLF,E483I,9.885986
OLF,E483K,12.082031
OLF,E483L,9.169006
OLF,E483M,6.2875977
OLF,E483N,-3.9260254
OLF,E483P,9.284912
OLF,E483Q,3.494873
OLF,E483R,5.197571
OLF,E483S,8.046631
OLF,E483T,0.5336914
OLF,E483V,11.176147
OLF,E483W,11.17749
OLF,E483Y,8.555054
OLF,K484A,12.60083
OLF,K484C,18.272217
OLF,K484D,11.419189
OLF,K484E,1.0866699
OLF,K484F,10.275879
OLF,K484G,5.482971
OLF,K484H,11.88208
OLF,K484I,8.025879
OLF,K484L,24.10382
OLF,K484M,21.077393
OLF,K484N,1.0830688
OLF,K484P,5.0858154
OLF,K484Q,5.5195923
OLF,K484R,-5.9362183
OLF,K484S,1.2741699
OLF,K484T,-2.748108
OLF,K484V,7.073303
OLF,K484W,4.918152
OLF,K484Y,6.7216797
OLF,K485A,8.765442
OLF,K485C,11.891357
OLF,K485D,4.751953
OLF,K485E,12.43689
OLF,K485F,22.125854
OLF,K485G,2.8691406
OLF,K485H,7.3294067
OLF,K485I,0.68463135
OLF,K485L,5.298645
OLF,K485M,5.3461914
OLF,K485N,-4.6452637
OLF,K485P,8.624268
OLF,K485Q,9.849121
OLF,K485R,3.371338
OLF,K485S,6.662903
OLF,K485T,8.148682
OLF,K485V,10.69635
OLF,K485W,13.115723
OLF,K485Y,8.127197
OLF,L486A,7.3269653
OLF,L486C,1.2089844
OLF,L486D,16.18872
OLF,L486E,11.379272
OLF,L486F,15.682373
OLF,L486G,21.244019
OLF,L486H,19.31189
OLF,L486I,9.047424
OLF,L486K,13.157776
OLF,L486M,10.040955
OLF,L486N,12.906982
OLF,L486P,7.0646973
OLF,L486Q,15.195679
OLF,L486R,18.701172
OLF,L486S,4.814453
OLF,L486T,5.5424194
OLF,L486V,18.90857
OLF,L486W,18.259277
OLF,L486Y,11.255981
OLF,F487A,26.274597
OLF,F487C,19.681152
OLF,F487D,18.135864
OLF,F487E,11.229309
OLF,F487G,14.770264
OLF,F487H,2.675476
OLF,F487I,-0.19067383
OLF,F487K,22.47644
OLF,F487L,14.656006
OLF,F487M,11.8723755
OLF,F487N,2.7023926
OLF,F487P,14.75293
OLF,F487Q,17.22583
OLF,F487R,8.446289
OLF,F487S,4.6117554
OLF,F487T,1.2268677
OLF,F487V,2.6108398
OLF,F487W,1.7608032
OLF,F487Y,4.411804
OLF,A488C,12.284546
OLF,A488D,3.4094238
OLF,A488E,35.958252
OLF,A488F,8.78656
OLF,A488G,3.7120361
OLF,A488H,1.6760254
OLF,A488I,8.2491455
OLF,A488K,4.9848633
OLF,A488L,9.773499
OLF,A488M,-4.6897583
OLF,A488N,6.1937256
OLF,A488P,2.1622925
OLF,A488Q,0.14855957
OLF,A488R,11.6866455
OLF,A488S,-4.695923
OLF,A488T,-2.503479
OLF,A488V,-6.4279785
OLF,A488W,-2.5159302
OLF,A488Y,7.262329
OLF,W489A,5.458008
OLF,W489C,8.313049
OLF,W489D,5.685974
OLF,W489E,16.722351
OLF,W489F,6.041748
OLF,W489G,10.711365
OLF,W489H,3.265442
OLF,W489I,4.4260864
OLF,W489K,-2.2424927
OLF,W489L,20.916565
OLF,W489M,-0.75146484
OLF,W489N,14.785522
OLF,W489P,12.795654
OLF,W489Q,13.4783325
OLF,W489R,11.797913
OLF,W489S,5.8459473
OLF,W489T,23.292786
OLF,W489V,12.388672
OLF,W489Y,6.923706
OLF,D490A,1.9230957
OLF,D490C,7.863159
OLF,D490E,28.17572
OLF,D490F,6.060791
OLF,D490G,4.5908203
OLF,D490H,7.4074707
OLF,D490I,9.9646
OLF,D490K,14.407959
OLF,D490L,7.821411
OLF,D490M,5.16156
OLF,D490N,2.8842163
OLF,D490P,10.992126
OLF,D490Q,17.938232
OLF,D490R,-5.6951294
OLF,D490S,16.653992
OLF,D490T,2.4597168
OLF,D490V,-4.6608887
OLF,D490W,3.9187012
OLF,D490Y,5.302307
OLF,N491A,-1.0371094
OLF,N491C,0.2553711
OLF,N491D,0.25860596
OLF,N491E,0.90478516
OLF,N491F,1.7404785
OLF,N491G,-3.758789
OLF,N491H,-0.5331421
OLF,N491I,-6.8981323
OLF,N491K,4.803772
OLF,N491L,8.636963
OLF,N491M,15.348572
OLF,N491P,27.56958
OLF,N491Q,9.944763
OLF,N491R,19.36493
OLF,N491S,6.742737
OLF,N491T,9.595703
OLF,N491V,14.951416
OLF,N491W,15.796997
OLF,N491Y,6.5009766
OLF,L492A,2.7662354
OLF,L492C,5.0959473
OLF,L492D,-0.8469238
OLF,L492E,4.805481
OLF,L492F,1.6394653
OLF,L492G,-3.8330078
OLF,L492H,7.999939
OLF,L492I,-2.8756714
OLF,L492K,6.2610474
OLF,L492M,8.749329
OLF,L492N,-1.9265137
OLF,L492P,-11.43335
OLF,L492Q,5.962158
OLF,L492R,-10.550842
OLF,L492S,-5.6313477
OLF,L492T,-4.947754
OLF,L492V,6.49469
OLF,L492W,-1.1246338
OLF,L492Y,-8.0703125
OLF,N493A,-4.9731445
OLF,N493C,-0.65600586
OLF,N493D,-3.8261719
OLF,N493E,33.68036
OLF,N493F,1.2433472
OLF,N493G,16.46759
OLF,N493H,10.375549
OLF,N493I,-0.42016602
OLF,N493K,3.845581
OLF,N493L,4.5966797
OLF,N493M,6.4020386
OLF,N493P,-6.800354
OLF,N493Q,3.9690552
OLF,N493R,-3.522705
OLF,N493S,-5.289673
OLF,N493T,-2.0161133
OLF,N493V,0.043151855
OLF,N493W,1.2359619
OLF,N493Y,3.6852417
OLF,M494A,-7.997864
OLF,M494C,17.41748
OLF,M494D,-3.053894
OLF,M494E,4.9125977
OLF,M494F,24.013123
OLF,M494G,-1.0134277
OLF,M494H,18.03247
OLF,M494I,13.469238
OLF,M494K,4.8725586
OLF,M494L,-0.78063965
OLF,M494N,7.4223633
OLF,M494P,-2.003479
OLF,M494Q,2.6691895
OLF,M494R,4.242859
OLF,M494S,5.625366
OLF,M494T,3.8381348
OLF,M494V,0.9633789
OLF,M494W,14.938721
OLF,M494Y,10.168274
OLF,V495A,14.877808
OLF,V495C,28.828186
OLF,V495D,17.507996
OLF,V495E,24.884766
OLF,V495F,13.487854
OLF,V495G,16.833862
OLF,V495H,10.959839
OLF,V495I,11.848328
OLF,V495K,13.995422
OLF,V495L,10.522217
OLF,V495M,9.178711
OLF,V495N,13.6970215
OLF,V495P,20.167358
OLF,V495Q,11.604004
OLF,V495R,2.456726
OLF,V495S,5.4941406
OLF,V495T,4.673767
OLF,V495W,-3.8085938
OLF,V495Y,0.03100586
OLF,T496A,14.040527
OLF,T496C,4.3322754
OLF,T496D,5.480957
OLF,T496E,1.8920898
OLF,T496F,-1.7086792
OLF,T496G,-1.6707764
OLF,T496H,13.960205
OLF,T496I,-1.6425171
OLF,T496K,2.1066284
OLF,T496L,13.074585
OLF,T496M,10.766235
OLF,T496N,0.57281494
OLF,T496P,-1.7163696
OLF,T496Q,-0.34075928
OLF,T496R,5.7351685
OLF,T496S,-7.4769897
OLF,T496V,0.52575684
OLF,T496W,6.5913696
OLF,T496Y,3.3900146
OLF,Y497A,8.766663
OLF,Y497C,0.04901123
OLF,Y497D,10.461731
OLF,Y497E,6.2994995
OLF,Y497F,-1.2044678
OLF,Y497G,-3.6790771
OLF,Y497H,9.941895
OLF,Y497I,-6.611267
OLF,Y497K,7.489441
OLF,Y497L,5.6410522
OLF,Y497M,3.1098633
OLF,Y497N,18.845093
OLF,Y497P,11.141357
OLF,Y497Q,9.76593
OLF,Y497R,17.431946
OLF,Y497S,14.688904
OLF,Y497T,8.298828
OLF,Y497V,4.16333
OLF,Y497W,16.377441
OLF,D498A,9.150757
OLF,D498C,20.342102
OLF,D498E,17.937988
OLF,D498F,6.066162
OLF,D498G,6.257324
OLF,D498H,11.503906
OLF,D498I,26.739807
OLF,D498K,9.070801
OLF,D498L,4.252014
OLF,D498M,1.5742798
OLF,D498N,-6.1782227
OLF,D498P,8.946655
OLF,D498Q,11.372925
OLF,D498R,0.21026611
OLF,D498S,2.3986816
OLF,D498T,11.365967
OLF,D498V,6.9417725
OLF,D498W,7.4974976
OLF,D498Y,7.4160156
OLF,I499A,5.5565796
OLF,I499C,-0.46044922
OLF,I499D,-2.1390991
OLF,I499E,9.847534
OLF,I499F,7.387512
OLF,I499G,-2.9282837
OLF,I499H,-0.83258057
OLF,I499K,6.9295654
OLF,I499L,4.458496
OLF,I499M,-0.4359131
OLF,I499N,-0.2366333
OLF,I499P,5.4769897
OLF,I499Q,0.35083008
OLF,I499R,9.984619
OLF,I499S,-7.6382446
OLF,I499T,14.438049
OLF,I499V,1.8873291
OLF,I499W,13.030273
OLF,I499Y,-3.248352
OLF,K500A,-9.369812
OLF,K500C,-5.036804
OLF,K500D,-8.255615
OLF,K500E,-5.45459
OLF,K500F,-2.6785889
OLF,K500G,-7.0737915
OLF,K500H,-6.906372
OLF,K500I,-4.652954
OLF,K500L,-3.798584
OLF,K500M,-5.0786133
OLF,K500N,0.71850586
OLF,K500P,-5.156433
OLF,K500Q,-12.722168
OLF,K500R,-1.0699463
OLF,K500S,-10.8810425
OLF,K500T,2.3415527
OLF,K500V,-4.3049316
OLF,K500W,3.012268
OLF,K500Y,4.732422
OLF,L501A,0.9279175
OLF,L501C,3.6757202
OLF,L501D,6.1970825
OLF,L501E,8.988647
OLF,L501F,-3.4993896
OLF,L501G,20.266113
OLF,L501H,13.945679
OLF,L501I,13.541077
OLF,L501K,6.270813
OLF,L501M,8.337585
OLF,L501N,14.04541
OLF,L501P,0.22143555
OLF,L501Q,12.211426
OLF,L501R,-0.52124023
OLF,L501S,11.623474
OLF,L501T,-2.4436035
OLF,L501V,6.944519
OLF,L501W,-3.0964355
OLF,L501Y,-1.9091797
OLF,S502A,11.988831
OLF,S502C,2.4416504
OLF,S502D,-6.9918213
OLF,S502E,-8.668762
OLF,S502F,0.7828369
OLF,S502G,-2.6400757
OLF,S502H,1.067749
OLF,S502I,0.2709961
OLF,S502K,-6.4924927
OLF,S502L,7.8549194
OLF,S502M,13.547607
OLF,S502N,11.320068
OLF,S502P,13.108887
OLF,S502Q,18.13379
OLF,S502R,4.4776
OLF,S502T,2.8049316
OLF,S502V,9.360962
OLF,S502W,10.231445
OLF,S502Y,12.629395
OLF,K503A,9.238098
OLF,K503C,19.06372
OLF,K503D,15.63446
OLF,K503E,20.67456
OLF,K503F,21.199524
OLF,K503G,14.491089
OLF,K503H,4.85376
OLF,K503I,8.080261
OLF,K503L,9.287476
OLF,K503M,19.600342
OLF,K503N,3.001648
OLF,K503P,7.73291
OLF,K503Q,-0.79907227
OLF,K503R,21.64502
OLF,K503S,7.0234985
OLF,K503T,4.7543335
OLF,K503V,20.015625
OLF,K503W,1.8652344
OLF,K503Y,9.999268
OLF,M504A,4.51062
OLF,M504C,7.05011
OLF,M504D,-3.4734497
OLF,M504E,4.284912
OLF,M504F,9.072266
OLF,M504G,21.659424
OLF,M504H,5.4554443
OLF,M504I,17.71997
OLF,M504K,2.7351685
OLF,M504L,1.8110352
OLF,M504N,1.456665
OLF,M504P,20.331787
OLF,M504Q,21.789795
OLF,M504R,9.841187
OLF,M504S,3.3327637
OLF,M504T,18.012634
OLF,M504V,15.398254
OLF,M504W,2.4298706
OLF,M504Y,0.8900757
