Index,Weight
3379,-4.88532
3147,-4.4461937
2631,-4.299168
2739,4.2408037
2913,-4.220887
1809,4.1140094
3024,4.107689
3078,4.104444
3186,-4.0363894
660,3.896692
2247,-3.8403447
2137,3.8388095
1043,3.7914217
3407,3.7813413
4034,3.7570262
1774,3.7398686
1624,-3.7352686
1585,3.6745796
3056,-3.673492
3522,3.634001
88,3.5973403
99,3.5913615
2430,3.5873914
1496,3.5764964
3504,-3.4983194
1849,3.4930174
3479,-3.4918168
3554,3.4597774
2133,-3.4407158
1160,3.430368
162,3.416894
195,3.3988676
3353,3.3976321
3301,3.3950825
2642,3.3939066
2697,-3.34909
234,-3.347212
3125,3.3358057
1943,3.3341877
2072,-3.3314655
3002,-3.311676
1455,3.3096251
1234,-3.2694764
3517,3.2677338
1034,3.267675
2601,-3.2674387
1390,3.264884
2761,3.262758
2310,-3.2443244
2555,-3.2286143
1395,-3.15673
3122,-3.1434977
225,-3.1382277
3257,-3.1353328
4027,-3.1275682
2188,3.1160984
1534,3.1144893
1396,-3.1134655
1392,-3.113265
2358,3.1104536
2582,-3.0922613
1699,3.0907865
1653,3.0841672
1852,-3.0809042
3826,-3.079314
3645,3.0680485
3626,-3.055443
2261,3.0411952
3867,-3.0369854
2400,3.0155346
3518,2.9727411
1982,-2.9663699
3972,2.9575548
2083,-2.956844
1872,-2.9525166
3888,2.9423559
3529,-2.9396558
103,-2.931406
2862,2.9059172
1426,2.8923109
3489,-2.8908257
2452,-2.8858376
2694,-2.8845887
3048,2.871411
1383,-2.861596
1194,2.85951
1640,2.8550136
206,2.8541205
3299,2.849377
1799,-2.8455675
105,-2.8451707
989,-2.8324783
275,2.824091
3191,-2.808661
2560,2.8058715
428,-2.8053591
3539,-2.803342
3140,-2.801519
1940,2.7992182
3951,-2.7859678
3859,2.7857819
3667,2.7840667
2260,-2.7775517
3177,2.765776
2122,2.7635639
1068,-2.7629616
712,-2.7486439
1758,-2.7457304
1425,2.7438338
653,2.741615
1760,-2.731028
552,2.7241187
3786,-2.7177298
345,2.7169793
2526,2.707748
281,2.7063375
1411,2.7039373
3963,2.6951468
3413,2.6895874
373,-2.681276
984,2.6669686
1211,-2.6640124
601,2.659369
4010,-2.659225
331,2.653243
398,2.6507766
2479,-2.648031
2116,2.644498
1279,2.638543
3132,-2.618796
244,-2.611105
1268,-2.6105838
3270,-2.607282
1794,-2.598548
3341,-2.5951748
3040,-2.590094
2817,-2.5892098
496,2.5878181
3591,2.5865555
3837,2.579205
2810,-2.57449
58,-2.5736756
255,2.5590403
2661,2.5553975
773,2.5463371
406,-2.546321
3997,2.5457845
72,2.5431237
231,2.541071
420,-2.5302427
3674,2.52575
1883,2.523621
2717,2.5122075
3131,2.5047228
73,-2.4999332
1242,-2.4944937
203,-2.4934978
1694,2.490865
911,-2.4847353
1517,2.484537
3990,-2.482087
785,-2.4792838
643,-2.478868
2518,2.476351
637,2.47295
67,-2.4707952
1153,-2.4651082
1868,2.4644294
2759,-2.453031
3968,-2.4522457
3780,-2.4506338
1555,-2.447122
1169,-2.4465683
2785,2.4380913
3566,2.4368682
827,2.4320874
1935,2.4281738
2788,2.4264064
1505,-2.4248993
2445,2.422086
672,-2.4210749
28,2.413121
3129,2.399431
3268,-2.399323
2173,2.398301
2928,2.3896005
3254,2.3885844
2823,2.3877506
3776,-2.380732
605,2.3769968
738,2.3666544
129,2.3498058
441,2.3472033
603,2.3460634
943,-2.3399787
1421,2.3369563
1975,2.3362186
2650,2.3298512
1448,2.3268785
1821,2.3266122
2437,-2.3201492
2884,-2.3177795
1398,2.3159623
2264,2.313716
2665,2.3090978
2757,-2.2972481
2702,-2.294795
583,-2.2925973
3829,-2.2897754
3519,2.2882144
1461,-2.2874875
891,-2.2817483
1122,2.2807038
4006,2.276434
2221,2.2735755
1632,-2.2724202
3709,-2.2715452
3148,-2.2571895
3013,2.2532294
1536,-2.2476578
1657,2.2424598
2944,-2.2424448
3847,-2.2415338
1602,2.2385328
1815,-2.2329783
146,-2.2327485
3586,2.231667
2061,-2.2281964
400,-2.2262995
556,-2.2178524
284,-2.2130382
1284,-2.2063122
1401,-2.2023017
1911,-2.197148
1098,-2.1827757
1888,-2.1760654
3814,-2.1734662
1846,2.169439
3241,2.1640322
2364,2.1541207
948,-2.1502156
2337,2.1452732
3347,-2.1437798
2238,2.143116
779,-2.1415231
1542,2.136712
1955,2.134491
1633,-2.1298978
1737,2.1297824
181,-2.1281564
3576,2.1275957
2976,2.12657
2471,-2.1239407
3202,2.1235635
2777,-2.1216319
205,-2.1215894
1587,-2.1192071
3883,-2.1121714
314,2.1118476
1617,2.109274
871,2.1092436
295,-2.103031
809,-2.1021805
1970,-2.0997975
3019,2.0957713
753,2.0939953
3218,-2.0938518
2527,2.0924523
3886,2.0923681
2414,-2.085689
1198,2.071019
2708,-2.0663285
1779,-2.0659947
12,-2.0616386
2140,-2.0598338
3861,2.0597105
2998,-2.0539281
3482,-2.049731
409,-2.0496812
1738,2.0477211
3955,-2.0450327
1506,2.0449214
3449,-2.042761
1495,2.0370064
2514,-2.035874
3313,2.0314507
1782,2.0294416
1500,2.0284855
2295,2.0170956
3508,-2.0153127
2940,2.0130749
479,-2.010784
2003,-2.0105224
2178,2.001986
2195,2.000813
3039,-1.995412
1503,1.9942819
3017,1.9939866
1376,-1.9912604
388,1.9895076
249,-1.978786
2410,-1.9767104
3754,-1.9704201
1300,1.9681998
1620,-1.9642633
1479,1.9638724
3627,-1.9599253
1919,1.9561476
480,1.9545072
405,-1.9477775
2967,1.9465674
2630,1.946349
2368,1.9460132
862,-1.9452662
1645,1.9442848
3146,1.9442071
874,-1.9432573
2417,1.9417455
3470,1.9393994
1362,1.9385517
2497,1.9368317
1988,1.9291456
1612,-1.9272689
2464,1.9259144
1424,-1.9241478
547,1.9238641
473,-1.9225428
187,-1.9187399
2830,1.9170535
2887,1.9149394
273,-1.9096165
2611,-1.9093177
1718,-1.90767
2472,1.9048035
1013,-1.8960481
2089,1.89332
3794,1.8867457
2720,-1.8850234
2604,-1.8813795
121,1.8805907
2557,1.879208
2531,-1.878309
3452,1.8780752
810,1.873739
1001,1.8712155
3970,-1.8708559
3113,1.8686312
346,1.862077
3633,-1.8605559
736,1.8602093
316,-1.8598378
2293,-1.8582916
1250,1.856955
3758,-1.8546937
1476,1.8528832
555,-1.8503039
2197,1.8496474
3279,1.8447295
1665,1.8430774
2011,1.838528
2569,1.8346663
3339,-1.8328356
2528,1.8318397
2986,-1.8294091
1100,1.8282522
2686,-1.8278574
2590,-1.8256376
516,-1.8250264
387,-1.8245454
4052,-1.8242266
2779,-1.8211797
3801,-1.8159095
2076,1.8139893
157,-1.8118466
3734,-1.8117892
1071,-1.8089329
2465,-1.8087605
2387,1.8083972
2927,1.8077042
46,1.8057579
3289,1.8030019
3447,1.8002193
3842,-1.7998769
3600,1.7986144
1952,1.7946757
291,-1.7925277
3545,-1.791973
1762,1.7869962
512,1.7858577
3222,-1.785561
2181,-1.7820412
186,-1.7778976
2127,-1.7775453
1526,1.7761475
1894,-1.7743871
2645,1.7721267
2638,-1.768359
2371,-1.7657357
1638,-1.7644529
3624,-1.7593608
1048,-1.7580038
2406,-1.7571112
1693,-1.7567993
3964,1.7558353
1440,-1.7529258
3387,-1.7505677
3162,-1.749406
4036,-1.7447776
2882,1.7335105
1195,-1.7273241
4086,-1.7261134
2346,1.72382
1044,1.7235208
419,-1.723348
3014,1.7219365
2545,-1.7217766
4065,1.7210377
1012,-1.7208014
3003,-1.714522
1399,-1.7113937
3574,1.7099552
414,-1.7092862
1146,-1.7084421
2848,1.703362
2539,-1.7021538
3169,-1.7020538
845,1.6978599
3199,-1.6944027
1685,-1.6920774
3978,1.6841003
1923,-1.6809868
2466,1.6779171
289,-1.6769444
2045,1.6757784
3213,1.6744295
152,1.6726322
2699,-1.6721458
3235,-1.6718998
693,1.6707959
3329,-1.6698776
2118,-1.6691245
3486,1.6654022
1070,-1.6619959
3051,1.6592929
306,-1.6539847
1786,1.6516037
2843,1.6479384
1032,1.647766
2925,-1.6473666
2609,1.6470501
976,1.643504
3171,-1.642994
3802,1.6422559
3102,-1.631947
3021,-1.6314098
2960,1.6274453
2413,1.6258833
3547,-1.625484
1420,1.6178205
3174,1.6162422
3712,-1.6160123
1845,1.6095183
2966,-1.605502
2416,-1.6035197
635,-1.6025411
1902,1.6014851
2985,1.5994512
1857,-1.5943508
2908,1.594248
2875,-1.5926975
2402,-1.5911483
117,-1.5892422
2568,-1.5853282
1402,1.5850263
1964,1.5845428
177,1.5819943
3233,1.5816574
425,1.5807012
535,1.5802214
1024,-1.5794764
2055,-1.5792576
495,-1.576891
2846,1.5756748
3309,1.5741625
1968,-1.5739096
3365,-1.5726526
1145,-1.570162
1763,1.5651684
4046,-1.5651228
3584,-1.5616746
246,-1.5571986
2132,1.5569135
2962,1.5558305
1980,1.5542773
1629,-1.5503582
3779,1.5497806
1140,-1.5495017
2390,1.5440025
328,1.5437531
3791,-1.5415289
852,-1.5366639
3283,1.536435
2058,-1.5361593
1041,1.5333692
2521,1.531436
647,1.5314178
2436,-1.5302458
3158,1.5284431
1417,1.5213151
193,1.520968
292,1.5179912
4042,-1.517575
2481,-1.5171981
912,1.5157596
972,1.514887
3849,1.5121228
1077,-1.5113035
1733,1.5103922
1472,1.5096571
1006,-1.5059043
510,-1.5003554
310,1.4927117
1156,-1.4926622
2081,-1.4920999
1906,1.4918047
1216,-1.4876763
2101,-1.4867345
3721,1.4861319
4063,-1.4852692
60,1.4849459
3316,1.4843527
3812,1.4835415
1491,-1.4831952
22,1.4826698
1781,1.4814639
885,-1.4794954
3864,1.478642
2485,-1.4783496
1854,1.4782119
2501,1.4778908
996,-1.4774982
2829,-1.4764631
742,1.4759305
563,1.4737872
3109,-1.4720806
2073,-1.4718965
2343,1.4718686
491,-1.4682838
2670,1.4671559
3016,1.4636276
3340,-1.4609383
1065,-1.4582245
1889,-1.4533819
3818,1.4508225
2629,1.449725
1741,-1.4474565
1743,-1.4436985
1202,1.4436713
3155,1.4406345
3704,-1.4390799
216,-1.4363068
3026,-1.435756
240,-1.4351844
3156,1.4332258
658,1.432279
834,-1.4321585
947,1.4296364
1511,-1.429058
701,-1.4276309
3911,1.4269421
1407,-1.4262267
2841,-1.4248226
1595,1.423422
3423,-1.422789
2732,1.4220617
395,-1.4197786
1895,1.4187436
3036,-1.4183196
791,1.4180832
2214,1.415705
1111,-1.4134585
1222,-1.4131947
2108,1.4126292
1663,1.4090906
1273,1.407797
1907,1.40761
3683,1.4061269
3214,-1.3971019
1128,-1.3965229
799,-1.396393
1450,-1.3962953
1101,1.3943682
2463,-1.3934593
3784,-1.3927932
3715,1.3927013
1644,1.3925813
680,1.3923427
2056,1.3862419
2809,1.3860406
3954,-1.3858615
3613,1.3855065
3244,-1.3851652
1813,1.3848754
3091,1.3843714
1510,1.3815298
959,-1.3802767
2423,-1.379375
475,-1.3786267
2360,-1.3785279
726,1.3767674
3597,-1.3757247
1067,-1.3727162
1039,1.3721265
1875,-1.372069
377,-1.371488
695,1.3694173
1025,-1.3690647
1105,-1.3687501
2900,-1.3662465
1435,1.3653356
466,1.3650644
3096,1.3597639
539,-1.3588082
3738,-1.3576163
3692,-1.3562101
391,-1.3556409
3641,1.35537
2771,1.3532687
2283,-1.3525126
1926,1.3522352
3928,-1.3455796
2674,-1.3440698
4051,-1.3428864
2640,1.3424586
2362,1.3420597
2324,1.3406335
548,1.3385277
80,1.3366911
3050,-1.3362501
3926,1.3361077
987,1.3347436
3691,1.3346474
2189,1.333996
2290,1.33273
1577,1.3319058
1637,-1.3312141
3439,1.3282539
813,-1.3234333
160,1.3219646
3918,1.3219424
3227,1.3212
3430,1.3211333
323,1.3195927
3291,-1.3195535
2743,-1.3194374
2954,-1.315613
442,-1.3151186
2978,-1.3129721
1535,-1.3094125
3809,1.3090093
1965,-1.3068391
3239,1.3068323
3467,-1.3057802
1069,1.3044449
402,-1.3033524
1419,1.3006754
999,1.3004664
4013,1.2979183
2167,-1.2949587
2742,1.2949069
792,1.2944562
1561,-1.2934088
2225,1.2926867
3557,-1.2924848
3061,-1.2915055
945,1.2912738
2099,1.2880375
3945,1.2874776
729,-1.284345
126,-1.2833356
483,1.2826247
519,-1.2820446
3636,1.2800825
482,-1.2793716
534,-1.2789562
2503,-1.2778246
956,1.2762065
4092,1.2756964
465,1.27567
3666,-1.2754433
3117,1.2746819
2627,-1.2725369
1291,-1.2717358
4067,-1.2715318
1121,1.2709974
3681,1.2708421
4083,-1.2689202
3143,1.2688309
524,1.2672211
589,1.267042
3581,-1.2655953
4044,1.2639078
2074,-1.2624328
1219,-1.2614938
3671,1.258949
2377,1.2584051
572,-1.2572451
2094,-1.2546972
733,1.2526251
3966,1.2524431
2945,-1.2498864
2798,-1.2484246
1014,-1.2477653
272,-1.2464893
1245,-1.2454716
38,-1.2446339
1756,-1.243994
1650,1.2416965
2892,-1.2412708
3064,-1.2408731
3269,-1.2408022
1549,1.2406297
2774,-1.2403502
3961,-1.2401543
2616,-1.2378353
385,1.2357951
3087,1.2352178
2241,1.234061
3706,-1.233087
2893,1.2328248
2370,-1.2311625
145,-1.2311589
2422,-1.2300466
675,1.2299467
3890,1.2295183
568,1.2294672
1981,1.2270485
1030,1.2265117
61,1.2254946
2009,-1.2246889
3620,-1.2227029
178,1.2221689
2950,-1.2220168
670,-1.2217878
53,-1.2180957
619,1.2173089
2655,-1.214715
2706,-1.2130023
2764,1.2111566
455,1.2091722
3533,1.2077582
2146,-1.2072442
930,1.2062587
260,1.2060236
86,-1.2059366
533,-1.2045282
3255,1.2032672
379,-1.200994
3189,-1.2007207
2060,-1.1989707
3381,-1.1987138
2556,1.1981853
3992,-1.1966186
1863,-1.1952847
1230,1.1941991
2162,1.1938303
3242,-1.1915064
3007,1.1912014
3510,1.190832
3429,-1.1875037
2874,1.1869774
3894,1.1868511
2215,-1.1868184
1502,1.1853917
2691,1.1849153
1036,1.1821195
2433,-1.1798143
498,-1.1797596
946,-1.1793845
3361,-1.178555
1912,-1.175301
2651,-1.1749415
2459,-1.1749389
3484,-1.174672
397,-1.1738235
2278,-1.1683658
371,1.1665735
2352,1.1659995
3929,-1.1656594
1488,-1.1648959
2748,1.1642364
545,1.1639029
1514,1.1635216
3568,-1.1626672
790,-1.1608506
1354,1.1591121
723,-1.1574773
3579,-1.1534544
3922,1.151959
4030,-1.1514065
3973,1.1511444
3724,-1.1507827
1460,-1.1469027
1423,-1.1465945
2870,1.144505
1941,-1.1442047
3843,1.143261
3240,-1.1428767
1082,1.14151
3060,-1.1406267
1977,-1.1391221
1185,1.136752
242,1.1367381
921,1.1334593
1045,-1.1317036
183,1.1313733
2219,-1.1259781
527,-1.1250794
118,-1.1249418
632,-1.1247134
2158,-1.1243515
3986,-1.1242026
116,1.1238621
412,-1.1228936
784,-1.1209185
4079,-1.1189075
2143,-1.1188263
1003,1.1186604
3588,1.1173424
2393,-1.1172345
806,-1.1151502
1608,-1.114388
770,-1.1137667
1687,1.1124095
3445,1.1117136
2409,-1.1097835
1928,-1.1092159
1058,1.1084908
3906,-1.1081178
1346,-1.1074259
2838,1.1060531
610,1.1057553
3934,-1.1035224
884,1.10315
3935,1.1023817
1622,-1.102183
2825,1.1009595
3768,1.1008024
3465,-1.0999354
3921,1.0971748
136,1.0959432
3605,-1.0958531
1278,-1.0948255
383,-1.0942675
1299,-1.0921457
1405,1.0904211
1547,-1.0892835
3947,-1.083583
2854,1.0815868
3259,-1.0810494
916,-1.0799928
3041,1.0798142
3930,-1.0797622
3603,1.0778
1766,1.0763615
2643,-1.0759772
2053,-1.0732505
1090,-1.0724717
780,1.0721364
903,-1.0716004
905,1.0693153
2021,-1.068506
3957,1.0658909
1359,1.0655861
3893,1.0648061
219,-1.0630969
2232,1.0630499
3585,1.0628557
1340,-1.0617952
1113,1.0612886
3735,1.0598991
3793,1.0597061
2254,1.0592066
2980,-1.0590186
3862,-1.058679
584,-1.0584687
2738,1.0486645
2909,1.0479958
867,-1.0466639
2366,-1.0465434
2383,-1.0462233
1072,1.0456138
750,1.0438106
665,1.0428334
3726,-1.0424349
1592,-1.0411355
594,1.0398897
1303,1.038313
625,1.0383003
1565,1.035777
447,-1.0346831
1182,1.0338025
1710,-1.0327855
1735,1.0325875
2891,-1.0322598
981,1.0303626
2606,-1.0303464
1802,-1.0287555
2149,1.0285505
1861,1.028369
2048,-1.0281179
2449,-1.0280054
71,-1.0277452
2923,1.0269202
1717,-1.0267162
2683,1.0265379
3857,1.0255109
3294,-1.021567
4077,-1.0210674
865,-1.0207894
4008,1.0202354
426,1.0189421
1974,1.0167146
392,-1.0166411
2591,-1.0154856
2097,-1.0153599
1409,-1.0143961
3810,-1.0132289
2476,-1.0124488
469,-1.0102109
3200,-1.0077269
505,-1.0070422
2933,1.0060066
1990,-1.0051808
2516,-1.0048555
110,1.0038478
2440,-1.0033649
2420,1.0019051
1778,-1.0012048
2441,1.0011096
3844,-1.0009192
3880,0.99950373
2424,-0.9992118
3993,-0.9989392
2037,-0.99670196
2866,-0.99585074
735,0.992544
3610,-0.9918755
122,-0.98998564
1085,0.9870187
2318,-0.9865552
3753,0.9856228
83,0.98539263
1208,0.9845352
2381,0.98230815
2461,-0.97997445
3499,0.97990286
3273,0.97879875
1562,0.9784899
1695,-0.97774124
3996,0.97765094
315,0.97718364
2554,-0.97717464
992,-0.9761146
342,-0.9759564
995,0.9737526
3302,0.9726709
525,-0.9706672
2457,-0.9687227
3358,0.968192
2342,0.9681185
2949,0.96747977
1893,-0.96609443
2519,-0.965733
942,0.965611
2588,-0.9646964
3559,-0.963588
2847,-0.96320724
618,-0.96285635
3261,0.96166116
2145,-0.9611962
2596,-0.9609277
846,0.9603931
3535,-0.96013767
3463,0.95957166
2243,-0.9583242
3053,0.95503014
3676,0.9548628
4018,0.9526314
4068,-0.94833237
1751,-0.9482048
994,-0.94793016
2258,0.9460451
488,0.94597137
1825,0.9454626
1948,-0.94456
3282,-0.943608
3076,-0.9420545
1164,-0.94198745
2062,-0.9418144
2379,-0.94175553
966,0.94003314
2311,-0.9391037
2227,-0.9388767
2253,0.93851084
1107,-0.9378871
2179,0.9363537
3284,-0.9363501
1729,-0.9331606
3215,-0.93175405
914,0.93154263
3035,-0.9315329
1828,0.931014
1239,-0.930217
3965,-0.92949665
3647,-0.9288576
1567,0.9283623
3420,0.9279668
3187,-0.9269368
362,0.9266429
764,0.9256762
1618,-0.9252535
2929,0.92329264
1652,-0.9185918
1316,-0.9180781
1206,0.91789716
2222,0.9172539
2509,0.9161047
360,-0.9155587
1173,-0.91374546
2710,0.9132502
1118,-0.9118736
4023,-0.9116504
651,-0.9114738
950,0.9094703
1428,-0.9084864
3759,0.90775895
3391,0.90767884
1800,0.9054271
579,0.9051152
2421,-0.902608
3493,-0.90216124
2084,-0.90210867
3141,-0.9017669
4095,-0.89915794
446,-0.8984394
3573,-0.89843714
3595,0.89835477
857,-0.8977399
2341,-0.8975612
3618,0.8973718
3938,-0.89544857
922,-0.8945009
2669,0.89397883
3090,-0.89372736
3095,-0.8921563
856,0.8909101
620,-0.8897538
10,0.8885624
2821,-0.8883147
2741,-0.88688725
2551,0.8866105
2971,0.8863124
3476,0.8857056
630,-0.88467073
2353,-0.88444954
2280,-0.8837354
2652,0.88315105
1527,0.88275903
352,-0.88229924
3312,-0.88224477
2716,0.882213
3022,-0.8814963
920,0.8803664
1924,0.8796829
1702,0.87940955
1554,-0.87935495
2897,-0.8777162
802,0.87757266
1335,-0.8762162
3378,0.874675
3166,0.8739223
2113,-0.8738283
4087,0.87360805
4094,0.8719787
2762,0.87107784
2184,-0.8709595
3835,0.87085944
2955,-0.8685896
2404,-0.8685679
3833,-0.86840534
894,-0.8683858
1137,0.86811155
1550,0.864902
3839,0.86393565
4085,0.86256677
175,0.86226314
1422,0.8605121
933,0.85987896
3544,0.85880053
3260,0.8586397
3320,0.857794
3185,-0.8572886
1328,-0.85502595
3161,-0.8540405
2537,0.8524
565,-0.8521549
2649,-0.852154
1942,0.85202503
2801,-0.85143334
1851,-0.85062635
2786,0.84938127
133,-0.8488268
2565,-0.8480032
2396,0.8472925
2326,-0.8467784
2148,-0.8462123
123,0.8448795
2392,-0.84471416
2934,0.8444649
1404,-0.84438866
3326,-0.8428069
1443,-0.842772
2180,0.840504
1566,0.84047705
2586,-0.8397272
1120,-0.83963734
1040,0.8393014
2766,0.8389409
2059,0.83884245
1109,0.8381604
2478,-0.8331054
335,0.83280194
3680,0.83257586
2484,0.8323597
515,-0.83176374
2474,-0.8312636
824,-0.8307533
2712,-0.8298188
470,0.82981205
2451,0.82749563
2348,-0.8268031
2635,-0.82602566
2040,0.8257167
163,-0.82496893
1309,-0.8248022
953,-0.8243596
1184,-0.82278454
2426,-0.8221333
1648,0.8218222
1449,0.8205965
141,0.81962067
2534,0.8192531
3343,-0.8188317
1521,-0.8180313
2206,0.81761223
3401,0.8165602
2262,-0.81624186
1463,0.816235
350,-0.8152413
411,0.81413907
873,-0.81380373
3322,-0.81374204
1339,-0.8126273
3962,-0.8093936
3081,0.80785996
1483,-0.80551195
3421,0.8041483
3266,-0.80364764
452,0.80265015
326,-0.8024683
831,0.80204046
3236,-0.8017435
1649,-0.80104285
3074,0.8009218
1397,0.8008725
567,-0.7999624
2917,-0.79963225
1683,-0.7979446
213,0.7973169
3572,-0.79653925
78,0.79649836
3390,0.79596174
3298,-0.79539406
3485,0.7950528
1218,0.7943618
804,0.7939464
2245,-0.7938595
416,-0.79351085
752,0.79346657
2618,-0.79132855
2304,0.79079956
3305,0.79060686
928,0.7892158
2170,-0.7875672
600,0.78683037
1848,0.78571945
1209,0.78417814
85,0.78365976
94,-0.7830119
444,-0.78111404
3520,-0.7801954
1571,0.7801584
389,0.7799544
1366,-0.7796302
3543,-0.7777101
776,0.77762073
3983,0.77761227
2567,-0.77679884
82,0.7755137
606,0.7750935
1642,-0.77419746
3898,-0.7739665
1967,-0.77371585
2031,-0.7733459
1293,0.7732696
2589,-0.7731266
1341,0.7718682
2725,-0.7700405
3616,0.76985997
2988,-0.76926005
2334,0.76903903
1192,0.767958
2532,0.7674243
663,0.766585
2548,0.76514345
703,-0.7646008
2770,0.7642673
223,0.7638179
704,0.7631863
1639,-0.7614354
3663,-0.7592272
236,0.7579701
1433,-0.7561277
459,-0.75551957
787,0.7548287
2572,0.754452
233,-0.7543461
538,-0.75313234
3249,-0.75214237
1274,0.7520259
2177,0.7514255
461,-0.74982977
754,0.74979544
3369,0.74801654
79,0.7478977
2125,-0.7473684
287,-0.7471439
381,-0.7463219
2672,0.7458811
297,-0.7455928
3263,-0.7447266
721,-0.7440192
3194,0.74382675
774,0.74363667
772,0.74337435
1671,0.738549
2482,0.736829
3356,0.7363278
3104,0.7326432
2896,-0.73215735
2244,-0.7317684
3912,-0.7316169
3976,0.73094976
1056,0.7306369
2885,0.73058784
740,0.73032236
907,0.7295439
3258,-0.72917414
2812,-0.7283199
1686,0.72723496
532,0.7262481
3527,0.7255158
487,0.7248571
1915,0.723578
3454,0.72301424
3093,0.72240156
1412,-0.7223011
518,-0.7217339
654,-0.72078896
3836,-0.7202153
2357,-0.71976703
52,0.71745014
3703,-0.7159515
1512,-0.7153883
1520,-0.71515507
2299,0.7139946
4074,0.71302
3059,-0.7127274
2689,0.71042097
2447,0.70901686
4062,0.70889956
430,0.70872825
627,0.70849913
2579,-0.70733964
3693,-0.707309
3384,-0.70685893
3621,-0.7068481
1666,0.70654255
394,0.706134
2859,-0.7060535
3798,-0.7059621
2382,-0.70432484
608,-0.7041782
882,-0.70402294
235,0.70367706
2049,0.7032408
191,-0.70284635
3503,0.70268816
3502,0.7024174
3237,0.7020356
3583,-0.7017523
3950,0.7003058
2835,0.7000411
1095,-0.69931823
2987,0.6988536
2620,0.69874436
1963,0.69868
3507,-0.6974137
4053,-0.69732606
3931,-0.6963811
889,-0.6963447
499,-0.6951841
24,-0.6939079
1165,-0.692896
2948,0.691775
1400,0.6916216
3587,0.69079095
2500,0.6903586
1544,0.68956435
3179,-0.6894258
3632,0.68851346
902,-0.68836534
3846,-0.687654
1969,-0.68669444
758,-0.6863581
1026,-0.68417215
1267,0.6839851
2522,-0.6833662
3619,0.68321586
745,0.6824408
1918,-0.6822869
23,0.68144435
3650,0.68139756
763,0.681295
489,0.68001884
666,-0.67986083
1325,-0.67927325
970,-0.67896277
3732,-0.678581
3937,-0.6779378
3710,0.67754704
1904,0.67599976
4047,0.675599
261,-0.6749273
2901,0.67442757
3831,0.6738487
2603,-0.6728563
4014,0.6717188
3565,-0.6715489
1869,0.6703873
4058,-0.6701989
111,-0.669364
2502,-0.669071
1080,0.6688167
1347,0.668103
2442,0.66807204
1606,0.6676205
167,-0.66725427
3649,0.6670788
3307,-0.6669899
3153,-0.66664803
3941,0.6664912
468,-0.6664847
3160,0.6634964
1985,-0.662594
3700,-0.66238844
493,-0.6622916
1183,-0.66154003
27,-0.6605785
1079,-0.66010606
227,-0.6599581
1125,-0.65989655
3098,-0.6598435
2879,-0.6585709
1525,0.6583043
677,0.65770406
168,0.65663004
2951,-0.6558163
1494,-0.6557849
2680,0.65521336
4059,-0.65410584
1899,-0.65372306
64,0.6528826
1240,0.65258074
3441,0.65240306
3034,-0.649227
549,0.64777124
3701,0.6476085
438,0.64649373
3959,0.64435977
1103,-0.6439791
20,-0.6427433
2339,0.642656
1233,0.641746
1960,-0.64005774
2001,-0.63941205
427,0.6393781
1329,-0.63936317
2504,-0.63899547
3321,0.63866943
2907,-0.6385771
3569,-0.6384852
508,-0.6378838
1707,-0.6372236
2273,0.63685244
1674,0.6359858
3144,0.6358458
4022,0.63500386
2398,0.63423234
336,-0.6341111
1,-0.633609
2997,0.6334601
2914,-0.63340247
3989,0.6331178
1818,-0.63223684
2773,-0.63218397
1393,-0.63204443
199,-0.63111764
1196,-0.63088673
1381,-0.63072604
1413,-0.6299675
1052,0.629414
708,0.62838227
507,-0.6281523
3981,0.6279972
169,-0.6273818
410,0.6267422
3521,0.62614065
719,0.62587637
2469,-0.62491834
2968,0.6248231
3774,-0.62444055
3000,-0.62323606
3745,-0.62310785
3136,0.62154007
832,0.6186303
3134,-0.61730295
684,-0.61525583
3319,-0.6145535
351,-0.6132231
1150,0.61318743
1055,-0.6094337
3919,-0.60717833
1874,-0.60688174
1027,0.6054835
1631,0.60321355
259,0.6030888
1680,0.60302794
2621,0.60270905
1441,-0.60083294
1873,0.60070676
3492,-0.5991372
448,-0.59829855
3208,-0.5976395
1181,0.5966553
4020,0.5963728
727,0.59558135
171,0.59481114
3751,-0.5947862
1705,-0.594546
3577,-0.59325266
2570,0.5927464
602,0.5924946
2460,0.5923299
1891,0.5921932
2595,0.59102213
3498,-0.5907072
837,-0.5906565
2979,-0.59022444
816,0.5901273
881,-0.58977276
1992,-0.58939797
1664,0.5888138
1551,0.5879607
2626,-0.5868134
2684,-0.5860712
1518,0.5855701
2087,0.5854216
87,-0.5853762
1761,0.5852337
1247,-0.58515215
3550,-0.5842154
1205,-0.5839904
158,0.5838221
1959,-0.58360326
2612,-0.5823779
174,0.5816976
3556,-0.5797967
575,0.5795711
3317,-0.57847166
1004,0.5783755
3943,0.5780146
830,0.57701117
2312,-0.5756754
2828,0.5748637
3475,-0.57452077
3224,0.5737052
1431,0.57209986
1238,0.56984985
1452,-0.56942165
3025,-0.56912494
1124,0.5690433
588,0.5689211
217,-0.56812316
893,0.5675188
313,-0.5675008
797,0.5674718
1956,-0.5671334
523,0.5670882
324,0.5665211
1365,-0.56593657
1712,0.565922
3655,0.5658206
631,-0.5639352
1442,0.5636515
3331,-0.56297445
3264,0.5626795
2553,-0.5618483
3874,-0.55903226
739,-0.55889845
2600,0.55868345
2412,-0.55857146
4076,0.5564203
3497,0.55532193
1262,-0.5536973
2010,-0.55350333
2204,0.5534634
298,-0.5531353
3797,-0.55290365
1380,0.5514207
3882,-0.5511554
1261,0.551018
1722,0.5508944
1806,0.5507179
629,-0.55030835
333,0.5499064
2700,-0.54862076
1885,0.54825467
537,-0.5467989
1155,-0.5461666
2895,-0.5455945
1775,0.54346186
2272,0.5428398
3154,0.54271966
108,-0.54197514
3037,-0.54168
2856,0.5414965
3673,0.5407655
2703,-0.5407128
1829,0.54026836
1178,0.5402488
803,-0.54017085
2191,0.5397774
2714,-0.53963554
1475,0.5391704
3684,-0.5383013
374,-0.53757906
2659,0.53727174
639,0.5372042
3135,-0.53685254
3644,0.5365434
2090,-0.5363844
609,0.5363287
25,-0.5362378
2495,0.5360569
2291,0.5350511
1337,-0.5348862
74,-0.53442764
467,0.53441644
3325,-0.53357166
3860,0.5329775
1767,0.531105
762,-0.531091
2688,0.53084296
2797,-0.5302959
2641,-0.5302084
1371,0.5288208
3432,0.5288091
3159,0.528671
21,0.5284284
3386,-0.5282709
1563,0.5260284
1252,0.5255953
3546,-0.5240551
3332,-0.52339876
4091,-0.52129614
2234,-0.5204814
1318,0.52017903
4019,0.51848054
3956,0.5180747
3049,0.5167571
812,0.515873
3360,0.51581126
1241,0.51578254
3654,-0.5154579
2915,0.5147279
4040,-0.5141813
2737,-0.5130491
3562,-0.51259655
3483,0.51232874
3946,0.51134384
2681,0.51117057
2942,0.51084536
3375,-0.5106747
3004,-0.5103766
3178,0.5090179
2562,-0.5085072
2065,0.50685215
1591,-0.50661033
2899,0.5064383
2340,0.50577533
2578,0.5056683
51,0.5043465
1474,-0.5037519
1574,0.50260144
3108,0.5022115
2753,0.50201577
3425,0.5010338
2767,0.5003518
3772,0.50008386
3349,-0.4976569
40,0.4970868
2228,0.49700266
1957,0.4968771
2690,-0.4963987
1715,-0.495336
3854,0.49344552
3646,-0.49289864
1730,0.49281916
424,-0.49272826
850,0.49222124
3448,0.49194276
3207,-0.4908833
3201,0.4903284
4045,-0.4893205
2574,-0.48897806
2335,0.48884967
967,0.48876405
1051,-0.48775777
2663,-0.48558456
1833,0.48545378
2198,0.48530516
1220,0.48329514
2787,0.4830662
3435,-0.48262805
1387,0.48224872
1163,0.48102543
1711,-0.48079786
3687,-0.48052198
2251,-0.48011744
1524,0.47958887
3509,-0.4772945
3536,0.47711694
3873,-0.47580072
1810,0.4757076
2203,0.47471753
245,0.47462225
1789,-0.47425973
2547,0.4720919
734,0.4720255
2231,0.47125798
682,-0.47122818
1251,-0.470938
1785,0.47093716
2372,0.47091925
2129,-0.47076523
166,0.46998116
59,0.46777883
3334,-0.46725458
280,0.46669558
1679,0.4664954
2121,0.46624792
2429,0.46500635
2513,-0.4646268
2363,-0.46434507
2322,0.46433896
3205,-0.4641108
1130,0.46348837
3601,-0.46273333
559,0.4625869
282,0.46258017
2395,0.46172425
1740,0.46120477
2585,-0.46053833
367,0.45977435
484,0.45968014
646,0.4588451
633,-0.45869327
783,0.4576981
1921,-0.45755523
3327,-0.45754126
3635,-0.45716226
3210,0.45676985
2783,0.45649278
2034,-0.45499521
2434,-0.45455295
137,0.45429417
258,-0.45398027
3608,0.4524395
1127,0.45237586
1837,0.45081562
768,-0.45052892
3231,0.45026088
3804,-0.45013463
1998,0.44977945
3426,0.44899285
3165,-0.44719544
741,-0.44706702
3070,0.44636148
3656,0.44600338
5,0.4450702
1053,-0.4442998
3792,0.44379714
3277,0.4437308
2018,0.44334736
3052,0.4433345
1820,0.44295827
3725,-0.44285202
165,-0.4425047
1703,0.4420088
687,-0.44190836
1660,-0.44139096
3069,0.44109935
924,0.44088143
1386,0.44073462
3541,0.44069907
3494,-0.4405919
2323,0.4401359
2880,0.44008788
1962,-0.43922254
3480,0.43897727
1615,0.43839252
3952,-0.43788612
766,-0.4369391
2098,-0.43689007
2274,-0.43681568
2959,0.43589708
278,0.4345042
2286,-0.43445638
2208,-0.43420276
1714,0.432769
1193,0.4308785
474,0.4306671
1180,-0.4294427
3001,-0.4290966
962,-0.428464
821,0.42786053
437,0.4278
3415,-0.42773002
2822,0.4268703
1770,0.42591855
2171,0.42584532
1141,0.42556524
1692,0.42489108
2776,0.4247434
1323,-0.42380202
2468,0.42295292
934,-0.42271984
880,0.4227154
1490,-0.42199105
2267,0.4216428
3913,-0.4212193
2946,0.42096087
2740,-0.42085624
293,0.42017838
91,0.41890386
2941,-0.41748795
490,0.41684884
1298,-0.41682872
1457,-0.41617274
3665,0.41460636
805,-0.4142999
2726,0.41352877
3748,-0.4130065
3265,0.4124566
132,-0.41187063
569,-0.41095594
4028,0.41092035
2599,-0.41054443
2036,-0.41026425
3995,0.4102197
822,-0.4101037
92,-0.409993
3193,-0.40951926
3717,0.40927446
3744,0.4091352
254,-0.40880013
1110,0.40878785
2692,0.40869015
709,0.40864304
1018,-0.40793794
1819,-0.4070044
3149,0.40695024
2911,-0.40541413
77,-0.40510076
70,0.40487528
1336,-0.4048217
2563,-0.40444925
2990,-0.40389794
147,-0.4030058
2111,0.40271816
1946,-0.40201166
1244,0.40152565
1909,0.40128025
2889,0.3982142
4003,-0.39750215
2842,-0.3973838
1932,-0.39688498
650,0.39648262
2995,0.39621076
3079,-0.39596766
1581,0.39567545
3796,0.39545697
1944,-0.39528435
3806,0.39499962
3901,0.39491197
384,-0.39411852
564,-0.39379698
1930,-0.39370093
1367,-0.3934786
1453,0.39337075
3604,0.39293957
1226,0.39276233
2679,-0.39264274
586,-0.39189905
1583,0.3916513
3138,0.39154983
3388,-0.39135116
2376,0.3911555
1927,0.3911037
3803,0.39097944
1704,0.3905142
1627,-0.38990954
2182,-0.38956556
1882,-0.38896573
3123,0.38894305
2517,-0.38850296
3368,0.38844305
2385,0.3869705
1916,0.38666886
1843,0.3862326
3642,-0.38587895
4071,0.38538274
286,0.38537288
3866,-0.38518408
3276,0.3840164
3395,-0.3816956
1997,-0.38050237
1000,-0.37945125
1384,0.37942958
2969,-0.3789588
176,0.3789256
3501,0.37870777
1348,-0.37842196
2872,-0.37840384
2498,0.3760356
4054,0.37555882
1333,-0.3748741
678,0.3745892
2240,-0.3745739
1862,0.37397552
33,-0.37340292
2212,0.37332323
1787,0.37123352
2092,-0.37082708
3382,-0.37081373
1892,-0.37064186
2760,-0.37056154
2666,0.36948374
131,-0.36945066
1186,0.36872137
3593,0.3684927
1636,-0.36847314
598,-0.3684188
2115,0.368171
3944,0.36767402
3424,-0.36619964
3345,0.36580765
3679,0.36477053
2632,-0.36407402
2994,-0.36394718
3851,0.3636913
1746,0.3631215
279,0.36264962
826,-0.36248425
229,0.3622304
917,-0.3617539
3718,0.35991338
43,-0.35971206
1170,-0.3595526
3548,0.35935143
1558,-0.35905716
2930,0.3589265
2530,-0.35886818
14,-0.3587447
3106,-0.35820735
2190,-0.35792884
41,0.35724372
3226,-0.35691082
120,0.35593018
2359,0.35569385
3933,0.35566074
1513,0.35542643
2867,-0.3548141
2961,-0.35451838
1158,0.3541999
2902,-0.35419962
2597,-0.35397622
1791,0.35353976
1151,0.3534068
1149,-0.35304144
1356,-0.35259494
1343,0.35209152
1096,0.35144022
2693,0.35143614
1504,-0.35042202
2183,0.34960398
910,-0.349485
2327,0.34897518
767,0.34813607
1054,-0.34808686
1667,-0.34729367
3705,0.34726053
207,0.34706548
3664,0.34613013
2397,0.34493545
2991,-0.3434419
1793,-0.34266797
2492,-0.3418098
1046,0.34034097
2803,-0.34031627
1537,-0.33963177
659,0.33909404
2220,-0.33904073
2675,0.33877674
3495,0.33737475
1480,0.33729205
2488,0.33725744
2878,0.33715612
36,-0.33645794
1855,0.33637166
3980,0.33601508
1499,-0.33562806
29,-0.3347469
2042,0.33362982
3355,0.33266762
986,0.33221897
348,0.33221465
732,0.33211654
2637,-0.33137813
1315,-0.33120733
2391,-0.33084637
2721,0.33082908
1559,-0.32949287
513,-0.32910618
3394,0.32873416
1473,-0.32830217
2687,0.32818565
2365,-0.3279482
614,0.32684603
2308,-0.32639703
2613,-0.32638738
3461,0.32605332
853,-0.3258327
1920,-0.32569355
2782,0.3237186
1314,0.3233319
3204,-0.32308587
3589,-0.32307252
2052,0.3230502
3515,-0.32270244
3459,0.32258955
3958,0.32099372
2662,-0.3202108
1580,0.32014278
3168,-0.31882003
775,-0.318766
3281,-0.3185332
628,-0.31851164
615,0.31810436
2894,-0.3170811
2831,-0.31704506
307,-0.31660688
119,-0.3162235
2164,-0.31618604
2508,-0.31471863
3438,-0.3146813
622,0.31410208
3915,-0.31239784
4037,0.31187907
201,-0.3115892
1358,0.31064773
3737,0.30899906
3607,-0.3089722
1038,0.30885077
1853,0.30862892
657,-0.30824974
149,-0.30770832
2166,0.3070532
626,-0.30623886
844,0.30461347
3111,0.3036786
560,-0.3036313
2715,-0.30320525
1739,0.30301687
3402,0.30296972
2833,0.30143002
1556,0.30131432
2724,-0.300378
2388,-0.30009025
641,-0.29894248
2707,0.29737887
3206,0.29660696
2796,-0.29586655
3417,0.29531717
3405,-0.29475182
3114,-0.29448575
1721,0.2937751
164,0.29374892
3542,0.2937199
2107,-0.29312268
3133,-0.2928482
706,-0.2927259
2141,-0.292151
705,-0.2916058
503,0.29077253
2727,-0.29048786
2394,0.28957716
197,-0.28934452
757,-0.28929144
3564,0.288731
3170,0.28842995
3157,-0.2865301
1167,0.28559673
2039,0.28500414
365,0.28379568
782,0.28357065
1991,0.28327224
224,-0.28240505
3440,0.28239042
3271,0.28228325
2054,-0.28140324
380,-0.2807156
1701,0.27979538
3346,-0.27957073
993,-0.2793884
1290,-0.2779533
1139,0.27708745
1719,-0.27700725
312,-0.27696738
1189,0.276704
2863,0.27582243
1454,0.27564737
2209,-0.2754005
616,-0.27467474
2007,0.27452752
1509,-0.27442515
3778,0.2726871
3496,0.27187195
3216,-0.2718649
3858,0.2712375
645,0.27067426
347,0.27043608
2653,-0.26937926
3092,0.26910418
3872,0.26841018
2079,-0.2678168
2319,0.26752508
623,0.26749688
3286,0.2668393
2619,0.2668359
2275,-0.26591784
269,-0.26585916
2648,-0.26470664
1958,0.26435894
1311,0.26357213
2159,-0.26340216
390,0.26311132
3434,-0.26292914
3128,-0.26291603
2015,0.2628818
599,-0.26251087
3288,-0.262496
3722,-0.2617355
3877,-0.26160097
2851,-0.26133034
1086,-0.26131028
1538,0.26128992
877,0.260544
2047,0.2605024
919,-0.26044655
2064,-0.2599655
3359,0.25916025
983,0.2591517
3832,0.25840944
3419,0.25703308
861,-0.2564561
2246,-0.25555542
904,-0.25463253
1010,-0.25421187
1017,0.25381705
570,0.25375107
1227,-0.25368458
198,0.25361714
807,0.25344086
2199,0.2522242
2154,-0.2516517
851,0.25160506
2455,-0.25147566
2886,-0.25041422
2524,-0.25030717
1755,0.2501978
3870,0.25007182
464,0.2494438
1533,-0.24938677
3232,0.24936956
3152,0.24913731
2100,0.24882126
2499,0.2484702
143,0.24773078
860,-0.24772514
3590,-0.24760027
3615,-0.2471953
3362,0.2465926
1865,0.2465879
2849,0.2464684
1207,-0.24622704
3436,0.24570578
3932,0.24551238
1035,0.24517798
2705,0.24503607
184,-0.24480908
445,-0.24436069
1368,-0.24433224
215,0.2443099
765,0.24396583
1310,0.24382609
3840,0.24373965
3555,0.24352857
3139,-0.24251409
2117,0.24042049
2751,-0.23864043
3333,0.2381079
694,-0.23810251
2216,0.23787442
2758,-0.23746113
3623,-0.23724012
1691,0.23616117
1062,-0.23594688
1570,0.23584424
1493,0.23578747
3728,0.23505051
1765,0.23446625
596,-0.2342207
55,0.23389909
2808,-0.23367631
748,-0.23328634
1972,-0.23309416
3130,0.23279831
1764,-0.23214011
2266,-0.2321384
337,-0.23136269
788,0.23095712
841,0.23075019
1282,0.23068705
1931,0.23045683
200,-0.23026216
463,-0.23017424
2477,0.23004709
3029,-0.22891903
944,0.22877777
276,-0.22864537
2587,-0.22808677
151,-0.22773689
2351,-0.22770055
1531,-0.22713397
2903,0.22707467
3881,-0.22671892
309,0.22585289
344,-0.22372955
2315,0.22356294
2303,-0.22274336
1858,0.22252628
2223,0.22198902
3960,0.22152749
1723,0.22097501
1349,0.22090921
664,-0.22058932
2082,-0.22052115
2877,0.22026305
2131,-0.22006638
1363,0.2194968
3871,-0.21914399
818,-0.2189876
2664,-0.21810532
968,-0.21758659
4057,-0.217531
3032,-0.21722177
2704,0.21675456
3097,0.21673998
3895,-0.2163113
2104,-0.2160274
3549,0.21597145
1689,0.21595906
2982,0.215657
2671,-0.21544632
2354,0.2149791
2512,-0.21408412
2070,0.21387434
3730,-0.2133872
1271,-0.21261553
2063,0.21250355
3033,-0.21240984
1066,-0.21180785
699,-0.21139257
294,0.21136846
3606,0.21129794
2027,-0.21107094
2110,-0.21014819
3248,-0.2097303
478,0.20778072
1344,0.20749375
542,0.20690429
1720,-0.20660003
3807,-0.20640361
3783,0.20585802
2965,-0.20549919
3689,0.20319296
2493,-0.2031662
3308,0.2030461
3974,-0.20273529
4009,-0.20193408
985,-0.20153832
2701,-0.20150146
2905,0.2008974
2794,0.20028435
1560,-0.20015879
2602,-0.20014629
95,-0.19997859
4007,0.19990955
3940,-0.19987895
2734,0.19979781
1593,0.19956566
557,-0.19951577
3678,0.19938092
2032,0.19907899
1598,0.19819686
2964,0.1969717
580,-0.19615169
4000,0.19502795
1827,0.1945454
2314,-0.19454041
1011,0.19421896
3892,0.19347516
1836,-0.19306742
450,0.19298564
305,0.19263296
42,0.19118272
3121,0.1907416
1144,-0.19007342
1996,0.18989576
2012,0.1898241
3628,-0.18967469
1200,-0.18942219
1326,0.18880223
285,-0.18861406
399,0.18841699
180,-0.18837714
1403,-0.18694521
1903,-0.18669984
1468,-0.18656623
1773,0.18645722
57,0.18642703
1243,0.18627702
1515,0.18625318
3629,0.18560766
554,0.18556173
4061,-0.1843973
2598,0.18439028
3267,-0.18376787
3172,0.18373726
2926,0.1832066
2593,-0.18306774
3100,-0.18292844
2138,0.1827751
364,-0.18139742
2256,-0.18113585
2156,-0.18054084
3863,-0.18027444
3743,0.18027036
317,-0.17966683
4081,-0.17878793
1437,0.17841119
3410,0.17773747
1221,-0.17696361
3697,-0.17613311
3711,-0.17584036
3337,-0.17558974
44,0.17511722
2755,0.1741568
2824,0.17414719
1886,0.17382093
3916,-0.1737377
3071,0.17320204
2078,-0.17308408
2815,0.17196402
640,0.1715115
115,-0.171189
102,-0.17093174
2075,-0.17030513
2523,-0.16942179
462,0.1689992
1217,0.16796891
1971,0.16751194
1427,-0.1663523
155,-0.16604567
3760,0.16577072
3757,0.16519499
778,-0.1650855
3460,0.16446051
2013,0.16445771
3068,-0.1636978
2088,0.16269122
997,0.16223736
1270,-0.16202068
964,-0.16164368
247,0.16161394
3788,-0.16150089
1049,-0.16101916
349,0.16099745
2858,0.1609182
2682,-0.16063553
1302,0.1600442
3658,-0.15926148
1416,0.15864326
786,0.15850575
613,-0.1584234
3443,0.15768836
3416,0.15768392
3137,-0.15750878
3821,0.15707204
3920,-0.15653163
1986,0.15649581
3028,-0.15609415
668,-0.1558809
3072,0.15554336
746,-0.15536214
1215,0.15465343
2772,0.15406515
2792,0.1536852
1159,0.1534737
30,0.15256779
3478,0.15253113
3310,0.15168682
1578,0.15117136
4033,0.15115218
2194,-0.15052438
3145,-0.15030855
2906,0.14983602
1708,0.14942677
3054,-0.14933878
1286,-0.14929791
1672,0.14882039
2511,-0.14830852
396,-0.14764358
3118,-0.14663117
433,-0.14652382
811,-0.14612934
19,0.14508472
2432,-0.14506759
2380,-0.14502113
661,0.14496243
756,0.14446165
2038,-0.14420326
1093,0.14410649
2157,0.14393649
3303,0.14366813
1898,-0.1434938
2543,0.14349373
1678,0.14341082
1060,-0.14291851
2576,0.1427396
2932,-0.14273795
299,-0.14262412
562,0.14257292
1436,0.14220203
37,-0.14174998
3469,0.14112617
2533,-0.14045726
1015,-0.13950416
3188,-0.1394859
1074,-0.13852634
2000,-0.1383833
2236,0.13677579
140,0.13577943
2332,-0.13525018
688,-0.13510177
1752,-0.134887
1360,-0.13448787
3841,-0.13447392
2085,-0.13447095
2022,0.13442698
1037,0.13429561
1256,-0.13408393
1116,0.1338295
421,-0.13335855
1688,0.13314101
65,0.1329543
2861,0.1328625
1364,0.13282703
2201,0.1325466
3696,0.13199933
2443,-0.13175833
1260,-0.13120833
1152,-0.13086025
3474,0.13060936
3765,-0.1301714
1201,-0.1298208
454,-0.12930025
135,-0.12929298
68,-0.12838943
1655,-0.12830308
1929,0.1279952
1134,0.12790598
101,0.1274688
1142,-0.12738755
3789,0.12737706
3908,0.12683289
2329,-0.12653382
1519,-0.12651967
2418,0.12560588
892,-0.125507
3640,-0.12549648
321,-0.12507682
3967,-0.12506329
1706,0.12486655
369,0.12471175
998,0.12454287
3834,0.1239992
501,-0.123699926
3082,0.12310972
3471,0.12303915
3348,-0.12274587
4005,0.12219986
1628,-0.122137725
288,-0.12158423
2939,-0.1211887
471,-0.12115248
3385,-0.12109899
3005,-0.120503746
1321,0.119577065
2972,0.11940803
2520,0.11900224
378,0.11886478
1126,-0.11845377
1063,0.11840807
817,0.1182966
2540,-0.11817192
1616,0.11809528
393,0.117962755
3879,0.1177759
182,-0.117652744
3755,0.11756069
697,-0.117461994
1228,-0.11720247
2321,-0.11675273
148,0.11668156
1993,0.11642957
361,0.11642345
2192,0.11640248
1501,0.11635932
717,0.11579243
3991,0.11572374
2109,0.11559548
573,0.11499375
1029,0.114334896
938,0.113486655
2187,0.11278452
1465,-0.11278437
3403,-0.112607636
3813,-0.112583935
843,0.11228104
1259,0.111486726
1320,-0.11118388
3855,-0.110927865
3785,-0.11072955
1607,-0.11051389
2028,-0.11006974
3767,-0.10974379
3225,0.10947577
264,0.109374255
192,0.10894981
3720,0.1089266
3450,0.10881475
2577,-0.108786464
457,0.108770385
1656,-0.10872796
2608,-0.10818553
1604,0.10800824
2008,-0.10770834
3925,-0.10756713
1248,0.10693088
3770,0.10685198
2958,-0.10664715
2316,0.106502205
3688,0.10593502
3323,-0.10589652
1050,0.105654806
795,0.105353564
1995,0.10524296
1790,-0.10453441
872,0.1040254
3351,0.103739165
978,0.10359411
2750,0.10352238
320,-0.10288824
3661,0.10266192
2427,-0.102198295
34,0.10217809
1235,-0.101907656
3525,-0.10169088
1759,-0.10144396
63,-0.10135329
2050,0.101149134
1057,0.101129375
855,0.10088921
150,0.10080184
2791,0.10075838
1296,0.10012747
35,0.10005499
3127,-0.09988433
1726,-0.09947346
1223,-0.09941281
1675,-0.09935376
75,0.09924909
1265,0.09908454
925,-0.09891556
3176,-0.09886238
3077,-0.09815495
330,0.09811483
2646,-0.09799459
3364,0.09793773
1817,-0.09764296
3164,0.097544946
3614,-0.09714454
990,0.096909344
2607,0.096365236
1099,-0.09601236
1135,0.09587296
1255,0.09560732
3217,0.09547804
1951,-0.09543081
2257,0.095315196
2174,0.09521197
18,0.0951984
3853,-0.094836794
3822,0.09478126
2259,0.094555244
1357,0.09444892
1374,0.09434986
2536,-0.093891524
1625,-0.09372721
1814,-0.093271896
1087,-0.09242686
3845,0.092226036
2871,0.09160624
3119,0.09154861
761,-0.09119791
4082,0.09072726
755,0.09068933
3994,0.090207346
1106,0.0890893
1826,-0.08782749
375,0.087778375
3910,0.0876716
4090,-0.08744246
3659,0.08742492
3163,0.08741433
895,-0.08734756
671,-0.08679956
2647,-0.08679921
2025,0.08658206
453,0.086529806
3393,0.08644744
1777,0.08606409
2695,-0.08519922
3238,-0.084764205
1073,-0.08456397
3444,0.08420502
3038,-0.084195435
277,0.08315632
2937,0.083040856
3306,0.082608685
311,0.082592435
435,-0.08258808
1876,0.08246569
3389,-0.08234586
2026,0.08216218
2367,0.082135215
3740,0.082014576
96,-0.08173096
2677,-0.08123052
204,0.08112513
849,0.08083349
2165,0.080802046
2349,-0.08047084
940,0.08043878
2678,-0.08007047
2130,-0.07986915
1784,-0.07986267
1132,-0.079694144
81,-0.079663865
915,0.07955767
3466,-0.079481006
76,-0.07939235
2802,-0.07925643
4078,0.07902494
3009,0.078342326
1203,0.07756938
2736,-0.077316515
2713,0.0772523
1838,0.07695942
2622,0.07673753
3648,0.07636195
536,0.07587833
1023,-0.075697824
257,0.07510245
8,-0.07494706
2160,-0.07469728
1552,-0.07420383
17,0.074124
2147,0.07387315
1811,0.073514715
3414,-0.07343281
1432,0.07327797
887,-0.07294284
2325,0.07278798
702,-0.07138891
1253,-0.070487574
3625,-0.0702523
3787,-0.07020218
1557,-0.069859445
1361,-0.069777355
2462,0.06947278
3677,-0.06944585
2610,0.06893401
1748,-0.06865813
3528,-0.06850387
991,0.06848955
451,0.06842769
3274,-0.068335086
3782,-0.06791989
2205,-0.06787651
3552,-0.0675569
0,-0.06719659
2250,0.06666819
1731,-0.06550789
3357,0.06503542
974,0.065021686
4073,-0.064749636
648,0.06392075
2439,0.06382258
2507,-0.063625164
1780,-0.063562445
370,0.063270405
1750,0.06320753
713,0.062988296
3887,-0.06257366
2438,-0.0623004
3571,0.062251244
1824,-0.062127035
2953,-0.061906334
828,0.061629314
1091,0.06131973
3561,0.060972806
1254,0.06094015
1129,0.060320176
3126,-0.060206097
2869,0.059850886
3817,0.05947986
1925,-0.05903666
1289,0.058865193
2538,0.058373697
1138,0.058295656
1568,-0.05818625
1199,0.05818242
2973,0.0581141
801,-0.057465084
2248,-0.057322126
1530,-0.057239816
1879,-0.057073563
4055,0.05704705
3418,-0.0567867
1673,0.056673877
2561,0.056439716
3824,-0.056016065
1157,-0.055631362
1823,0.05548951
1713,0.055478286
2029,-0.055461776
728,0.05530494
1104,0.055133943
2126,0.055125985
1064,0.054849945
1352,-0.054668386
638,0.0545099
2142,0.0544398
2163,0.05436134
318,-0.05433189
3031,0.054054182
634,0.053974368
1881,0.05396565
4056,-0.053922147
3116,0.053917315
611,0.05283744
898,-0.052744444
1976,0.05259801
2943,0.052454434
3427,0.05231937
541,-0.052192
3085,0.05175007
3538,0.05165999
1477,0.051646583
1529,0.05116242
1546,-0.051133342
3167,0.050989598
814,0.050802983
3262,0.050712325
3342,-0.050654247
3800,-0.050388925
979,0.05028512
1372,0.049853466
1176,0.049620684
526,-0.049073037
1148,-0.049067404
531,0.048633326
674,0.048487157
839,0.048417587
1487,0.048405804
2722,-0.047968812
1246,0.04779727
963,-0.047752485
2425,0.04742777
929,-0.047303587
3099,0.047235608
1630,-0.04662768
3047,-0.046066783
1590,-0.046010505
2850,-0.045869052
49,0.04565577
2789,-0.045461748
3599,0.04503403
1573,-0.04479634
3376,0.044764895
3731,-0.044422667
3896,0.044402957
202,0.044077013
142,0.043861624
3374,-0.043570396
1002,0.043539416
3234,-0.04351614
2749,-0.043391995
2384,-0.043098524
3750,0.04299796
2405,0.04288818
546,0.04281777
1670,0.04280418
4015,0.042611882
1317,-0.04227603
440,-0.04190776
106,-0.04188848
4017,0.041588526
3285,-0.04151915
652,0.04139443
737,0.04125988
2435,0.04113489
1936,-0.040889338
918,-0.040552232
268,0.040505096
2153,-0.04020511
1947,0.039502975
2374,0.03929783
1028,0.039257437
3790,0.03887825
3534,-0.038708467
931,0.03828825
2931,0.037252806
3777,-0.03707344
3825,-0.03679294
2857,0.036515858
3657,-0.036409225
2105,-0.03637358
237,0.03622622
1822,-0.035790056
100,0.035135195
3491,-0.035085518
890,-0.034790937
185,0.034633
1456,0.034618255
1917,-0.034543417
354,0.034508325
1484,-0.03438147
4080,-0.034375194
577,0.03432365
3042,0.0339413
303,0.03368315
3453,-0.03363257
581,0.033557776
2019,0.03340955
1716,-0.032885198
879,-0.03232394
3514,-0.031761795
220,0.031614244
1601,-0.030702908
896,0.030508606
521,-0.030386528
2529,-0.030377349
3878,-0.030068045
1684,0.029520927
1698,-0.028951049
2361,0.028417837
3197,0.028314961
3914,-0.028311979
3630,0.027421758
1351,0.027382866
1332,0.027333388
2816,0.027268339
1999,-0.02691928
722,0.026506346
4075,0.026327368
2832,0.026209436
256,-0.025104001
1588,-0.024953635
2486,0.024738144
2355,0.024389762
3622,-0.024249747
2281,-0.024139771
3551,-0.023878027
1263,-0.023771778
3209,0.02353281
2728,-0.022905974
3775,0.02271186
3811,-0.022625497
492,-0.022568362
363,-0.021029104
13,0.020981181
3575,0.020819072
2350,0.020790419
2444,-0.020702215
2756,-0.020694854
2483,0.020496823
1841,0.020064684
2881,-0.020027969
793,-0.019640878
3457,0.019106362
1175,0.019072795
1133,0.018935038
969,-0.018613257
283,0.0185445
952,-0.01793916
1042,-0.017524952
4038,-0.01726345
3223,0.017219735
3948,0.01716179
585,-0.01694669
1301,0.01608754
2200,0.0159154
597,0.01546199
1659,-0.0152497515
3530,-0.014781642
252,0.014761478
1890,0.014707499
1641,-0.014510179
3383,0.013895673
39,0.013855681
357,0.013717873
698,-0.013503414
1623,0.013380022
3524,0.013325896
413,-0.013276284
864,-0.01321087
2123,0.012964876
2,-0.012766408
2051,0.012321893
2763,0.012247835
1389,0.012053412
3075,-0.01181628
2505,-0.011040766
228,-0.0109605435
3212,0.010894786
1950,0.010864685
2510,-0.01068904
422,0.01030977
2667,0.0100679975
2778,-0.009926581
212,-0.009760553
3080,-0.009482497
875,0.009324927
3516,0.009227415
2676,-0.009147728
3290,0.00902863
3764,-0.009019549
1162,0.008773701
1697,0.008700996
2030,0.008541251
1285,-0.0083193965
2807,-0.008195589
815,0.008033379
98,0.007584209
2919,0.0074487114
2467,-0.007275856
720,0.0071035963
372,-0.006844235
3602,-0.0066932645
1229,0.0066553177
683,0.00650575
574,0.0061721667
3018,0.0060182153
1492,0.0060173376
1446,-0.0057349326
270,0.0056615258
32,0.005594758
4088,-0.0053659147
3253,-0.005181783
3746,-0.005076777
2369,0.004986302
248,-0.0046734326
711,0.004364486
2155,-0.0042618643
1342,0.004164583
582,-0.004106961
1900,-0.0039000139
1305,-0.0036586775
504,0.0033475996
1662,0.0032843142
3398,-0.0032411376
1709,0.0031648804
1880,0.003022359
2066,-0.0029486578
3537,0.0027127
1213,-0.0026227597
908,0.0024555917
1408,-0.0015458101
1102,0.0009842622
710,-0.0007363809
3367,0.0007231431
1831,-0.0004011878
3,0.0
4,0.0
6,0.0
7,0.0
9,0.0
11,0.0
15,0.0
16,0.0
26,0.0
31,0.0
45,0.0
47,0.0
48,0.0
50,0.0
54,0.0
56,0.0
62,0.0
66,0.0
69,0.0
84,0.0
89,0.0
90,0.0
93,0.0
97,0.0
104,0.0
107,0.0
109,0.0
112,0.0
113,0.0
114,0.0
124,0.0
125,0.0
127,0.0
128,0.0
130,0.0
134,0.0
138,0.0
139,0.0
144,0.0
153,0.0
154,0.0
156,0.0
159,0.0
161,0.0
170,0.0
172,0.0
173,0.0
179,0.0
188,0.0
189,0.0
190,0.0
194,0.0
196,0.0
208,0.0
209,0.0
210,0.0
211,0.0
214,0.0
218,0.0
221,0.0
222,0.0
226,0.0
230,0.0
232,0.0
238,0.0
239,0.0
241,0.0
243,0.0
250,0.0
251,0.0
253,0.0
262,0.0
263,0.0
265,0.0
266,0.0
267,0.0
271,0.0
274,0.0
290,0.0
296,0.0
300,0.0
301,0.0
302,0.0
304,0.0
308,0.0
319,0.0
322,0.0
325,0.0
327,0.0
329,0.0
332,0.0
334,0.0
338,0.0
339,0.0
340,0.0
341,0.0
343,0.0
353,0.0
355,0.0
356,0.0
358,0.0
359,0.0
366,0.0
368,0.0
376,0.0
382,0.0
386,0.0
401,0.0
403,0.0
404,0.0
407,0.0
408,0.0
415,0.0
417,0.0
418,0.0
423,0.0
429,0.0
431,0.0
432,0.0
434,0.0
436,0.0
439,0.0
443,0.0
449,0.0
456,0.0
458,0.0
460,0.0
472,0.0
476,0.0
477,0.0
481,0.0
485,0.0
486,0.0
494,0.0
497,0.0
500,0.0
502,0.0
506,0.0
509,0.0
511,0.0
514,0.0
517,0.0
520,0.0
522,0.0
528,0.0
529,0.0
530,0.0
540,0.0
543,0.0
544,0.0
550,0.0
551,0.0
553,0.0
558,0.0
561,0.0
566,0.0
571,0.0
576,0.0
578,0.0
587,0.0
590,0.0
591,0.0
592,0.0
593,0.0
595,0.0
604,0.0
607,0.0
612,0.0
617,0.0
621,0.0
624,0.0
636,0.0
642,0.0
644,0.0
649,0.0
655,0.0
656,0.0
662,0.0
667,0.0
669,0.0
673,0.0
676,0.0
679,0.0
681,0.0
685,0.0
686,0.0
689,0.0
690,0.0
691,0.0
692,0.0
696,0.0
700,0.0
707,0.0
714,0.0
715,0.0
716,0.0
718,0.0
724,0.0
725,0.0
730,0.0
731,0.0
743,0.0
744,0.0
747,0.0
749,0.0
751,0.0
759,0.0
760,0.0
769,0.0
771,0.0
777,0.0
781,0.0
789,0.0
794,0.0
796,0.0
798,0.0
800,0.0
808,0.0
819,0.0
820,0.0
823,0.0
825,0.0
829,0.0
833,0.0
835,0.0
836,0.0
838,0.0
840,0.0
842,0.0
847,0.0
848,0.0
854,0.0
858,0.0
859,0.0
863,0.0
866,0.0
868,0.0
869,0.0
870,0.0
876,0.0
878,0.0
883,0.0
886,0.0
888,0.0
897,0.0
899,0.0
900,0.0
901,0.0
906,0.0
909,0.0
913,0.0
923,0.0
926,0.0
927,0.0
932,0.0
935,0.0
936,0.0
937,0.0
939,0.0
941,0.0
949,0.0
951,0.0
954,0.0
955,0.0
957,0.0
958,0.0
960,0.0
961,0.0
965,0.0
971,0.0
973,0.0
975,0.0
977,0.0
980,0.0
982,0.0
988,0.0
1005,0.0
1007,0.0
1008,0.0
1009,0.0
1016,0.0
1019,0.0
1020,0.0
1021,0.0
1022,0.0
1031,0.0
1033,0.0
1047,0.0
1059,0.0
1061,0.0
1075,0.0
1076,0.0
1078,0.0
1081,0.0
1083,0.0
1084,0.0
1088,0.0
1089,0.0
1092,0.0
1094,0.0
1097,0.0
1108,0.0
1112,0.0
1114,0.0
1115,0.0
1117,0.0
1119,0.0
1123,0.0
1131,0.0
1136,0.0
1143,0.0
1147,0.0
1154,0.0
1161,0.0
1166,0.0
1168,0.0
1171,0.0
1172,0.0
1174,0.0
1177,0.0
1179,0.0
1187,0.0
1188,0.0
1190,0.0
1191,0.0
1197,0.0
1204,0.0
1210,0.0
1212,0.0
1214,0.0
1224,0.0
1225,0.0
1231,0.0
1232,0.0
1236,0.0
1237,0.0
1249,0.0
1257,0.0
1258,0.0
1264,0.0
1266,0.0
1269,0.0
1272,0.0
1275,0.0
1276,0.0
1277,0.0
1280,0.0
1281,0.0
1283,0.0
1287,0.0
1288,0.0
1292,0.0
1294,0.0
1295,0.0
1297,0.0
1304,0.0
1306,0.0
1307,0.0
1308,0.0
1312,0.0
1313,0.0
1319,0.0
1322,0.0
1324,0.0
1327,0.0
1330,0.0
1331,0.0
1334,0.0
1338,0.0
1345,0.0
1350,0.0
1353,0.0
1355,0.0
1369,0.0
1370,0.0
1373,0.0
1375,0.0
1377,0.0
1378,0.0
1379,0.0
1382,0.0
1385,0.0
1388,0.0
1391,0.0
1394,0.0
1406,0.0
1410,0.0
1414,0.0
1415,0.0
1418,0.0
1429,0.0
1430,0.0
1434,0.0
1438,0.0
1439,0.0
1444,0.0
1445,0.0
1447,0.0
1451,0.0
1458,0.0
1459,0.0
1462,0.0
1464,0.0
1466,0.0
1467,0.0
1469,0.0
1470,0.0
1471,0.0
1478,0.0
1481,0.0
1482,0.0
1485,0.0
1486,0.0
1489,0.0
1497,0.0
1498,0.0
1507,0.0
1508,0.0
1516,0.0
1522,0.0
1523,0.0
1528,0.0
1532,0.0
1539,0.0
1540,0.0
1541,0.0
1543,0.0
1545,0.0
1548,0.0
1553,0.0
1564,0.0
1569,0.0
1572,0.0
1575,0.0
1576,0.0
1579,0.0
1582,0.0
1584,0.0
1586,0.0
1589,0.0
1594,0.0
1596,0.0
1597,0.0
1599,0.0
1600,0.0
1603,0.0
1605,0.0
1609,0.0
1610,0.0
1611,0.0
1613,0.0
1614,0.0
1619,0.0
1621,0.0
1626,0.0
1634,0.0
1635,0.0
1643,0.0
1646,0.0
1647,0.0
1651,0.0
1654,0.0
1658,0.0
1661,0.0
1668,0.0
1669,0.0
1676,0.0
1677,0.0
1681,0.0
1682,0.0
1690,0.0
1696,0.0
1700,0.0
1724,0.0
1725,0.0
1727,0.0
1728,0.0
1732,0.0
1734,0.0
1736,0.0
1742,0.0
1744,0.0
1745,0.0
1747,0.0
1749,0.0
1753,0.0
1754,0.0
1757,0.0
1768,0.0
1769,0.0
1771,0.0
1772,0.0
1776,0.0
1783,0.0
1788,0.0
1792,0.0
1795,0.0
1796,0.0
1797,0.0
1798,0.0
1801,0.0
1803,0.0
1804,0.0
1805,0.0
1807,0.0
1808,0.0
1812,0.0
1816,0.0
1830,0.0
1832,0.0
1834,0.0
1835,0.0
1839,0.0
1840,0.0
1842,0.0
1844,0.0
1847,0.0
1850,0.0
1856,0.0
1859,0.0
1860,0.0
1864,0.0
1866,0.0
1867,0.0
1870,0.0
1871,0.0
1877,0.0
1878,0.0
1884,0.0
1887,0.0
1896,0.0
1897,0.0
1901,0.0
1905,0.0
1908,0.0
1910,0.0
1913,0.0
1914,0.0
1922,0.0
1933,0.0
1934,0.0
1937,0.0
1938,0.0
1939,0.0
1945,0.0
1949,0.0
1953,0.0
1954,0.0
1961,0.0
1966,0.0
1973,0.0
1978,0.0
1979,0.0
1983,0.0
1984,0.0
1987,0.0
1989,0.0
1994,0.0
2002,0.0
2004,0.0
2005,0.0
2006,0.0
2014,0.0
2016,0.0
2017,0.0
2020,0.0
2023,0.0
2024,0.0
2033,0.0
2035,0.0
2041,0.0
2043,0.0
2044,0.0
2046,0.0
2057,0.0
2067,0.0
2068,0.0
2069,0.0
2071,0.0
2077,0.0
2080,0.0
2086,0.0
2091,0.0
2093,0.0
2095,0.0
2096,0.0
2102,0.0
2103,0.0
2106,0.0
2112,0.0
2114,0.0
2119,0.0
2120,0.0
2124,0.0
2128,0.0
2134,0.0
2135,0.0
2136,0.0
2139,0.0
2144,0.0
2150,0.0
2151,0.0
2152,0.0
2161,0.0
2168,0.0
2169,0.0
2172,0.0
2175,0.0
2176,0.0
2185,0.0
2186,0.0
2193,0.0
2196,0.0
2202,0.0
2207,0.0
2210,0.0
2211,0.0
2213,0.0
2217,0.0
2218,0.0
2224,0.0
2226,0.0
2229,0.0
2230,0.0
2233,0.0
2235,0.0
2237,0.0
2239,0.0
2242,0.0
2249,0.0
2252,0.0
2255,0.0
2263,0.0
2265,0.0
2268,0.0
2269,0.0
2270,0.0
2271,0.0
2276,0.0
2277,0.0
2279,0.0
2282,0.0
2284,0.0
2285,0.0
2287,0.0
2288,0.0
2289,0.0
2292,0.0
2294,0.0
2296,0.0
2297,0.0
2298,0.0
2300,0.0
2301,0.0
2302,0.0
2305,0.0
2306,0.0
2307,0.0
2309,0.0
2313,0.0
2317,0.0
2320,0.0
2328,0.0
2330,0.0
2331,0.0
2333,0.0
2336,0.0
2338,0.0
2344,0.0
2345,0.0
2347,0.0
2356,0.0
2373,0.0
2375,0.0
2378,0.0
2386,0.0
2389,0.0
2399,0.0
2401,0.0
2403,0.0
2407,0.0
2408,0.0
2411,0.0
2415,0.0
2419,0.0
2428,0.0
2431,0.0
2446,0.0
2448,0.0
2450,0.0
2453,0.0
2454,0.0
2456,0.0
2458,0.0
2470,0.0
2473,0.0
2475,0.0
2480,0.0
2487,0.0
2489,0.0
2490,0.0
2491,0.0
2494,0.0
2496,0.0
2506,0.0
2515,0.0
2525,0.0
2535,0.0
2541,0.0
2542,0.0
2544,0.0
2546,0.0
2549,0.0
2550,0.0
2552,0.0
2558,0.0
2559,0.0
2564,0.0
2566,0.0
2571,0.0
2573,0.0
2575,0.0
2580,0.0
2581,0.0
2583,0.0
2584,0.0
2592,0.0
2594,0.0
2605,0.0
2614,0.0
2615,0.0
2617,0.0
2623,0.0
2624,0.0
2625,0.0
2628,0.0
2633,0.0
2634,0.0
2636,0.0
2639,0.0
2644,0.0
2654,0.0
2656,0.0
2657,0.0
2658,0.0
2660,0.0
2668,0.0
2673,0.0
2685,0.0
2696,0.0
2698,0.0
2709,0.0
2711,0.0
2718,0.0
2719,0.0
2723,0.0
2729,0.0
2730,0.0
2731,0.0
2733,0.0
2735,0.0
2744,0.0
2745,0.0
2746,0.0
2747,0.0
2752,0.0
2754,0.0
2765,0.0
2768,0.0
2769,0.0
2775,0.0
2780,0.0
2781,0.0
2784,0.0
2790,0.0
2793,0.0
2795,0.0
2799,0.0
2800,0.0
2804,0.0
2805,0.0
2806,0.0
2811,0.0
2813,0.0
2814,0.0
2818,0.0
2819,0.0
2820,0.0
2826,0.0
2827,0.0
2834,0.0
2836,0.0
2837,0.0
2839,0.0
2840,0.0
2844,0.0
2845,0.0
2852,0.0
2853,0.0
2855,0.0
2860,0.0
2864,0.0
2865,0.0
2868,0.0
2873,0.0
2876,0.0
2883,0.0
2888,0.0
2890,0.0
2898,0.0
2904,0.0
2910,0.0
2912,0.0
2916,0.0
2918,0.0
2920,0.0
2921,0.0
2922,0.0
2924,0.0
2935,0.0
2936,0.0
2938,0.0
2947,0.0
2952,0.0
2956,0.0
2957,0.0
2963,0.0
2970,0.0
2974,0.0
2975,0.0
2977,0.0
2981,0.0
2983,0.0
2984,0.0
2989,0.0
2992,0.0
2993,0.0
2996,0.0
2999,0.0
3006,0.0
3008,0.0
3010,0.0
3011,0.0
3012,0.0
3015,0.0
3020,0.0
3023,0.0
3027,0.0
3030,0.0
3043,0.0
3044,0.0
3045,0.0
3046,0.0
3055,0.0
3057,0.0
3058,0.0
3062,0.0
3063,0.0
3065,0.0
3066,0.0
3067,0.0
3073,0.0
3083,0.0
3084,0.0
3086,0.0
3088,0.0
3089,0.0
3094,0.0
3101,0.0
3103,0.0
3105,0.0
3107,0.0
3110,0.0
3112,0.0
3115,0.0
3120,0.0
3124,0.0
3142,0.0
3150,0.0
3151,0.0
3173,0.0
3175,0.0
3180,0.0
3181,0.0
3182,0.0
3183,0.0
3184,0.0
3190,0.0
3192,0.0
3195,0.0
3196,0.0
3198,0.0
3203,0.0
3211,0.0
3219,0.0
3220,0.0
3221,0.0
3228,0.0
3229,0.0
3230,0.0
3243,0.0
3245,0.0
3246,0.0
3247,0.0
3250,0.0
3251,0.0
3252,0.0
3256,0.0
3272,0.0
3275,0.0
3278,0.0
3280,0.0
3287,0.0
3292,0.0
3293,0.0
3295,0.0
3296,0.0
3297,0.0
3300,0.0
3304,0.0
3311,0.0
3314,0.0
3315,0.0
3318,0.0
3324,0.0
3328,0.0
3330,0.0
3335,0.0
3336,0.0
3338,0.0
3344,0.0
3350,0.0
3352,0.0
3354,0.0
3363,0.0
3366,0.0
3370,0.0
3371,0.0
3372,0.0
3373,0.0
3377,0.0
3380,0.0
3392,0.0
3396,0.0
3397,0.0
3399,0.0
3400,0.0
3404,0.0
3406,0.0
3408,0.0
3409,0.0
3411,0.0
3412,0.0
3422,0.0
3428,0.0
3431,0.0
3433,0.0
3437,0.0
3442,0.0
3446,0.0
3451,0.0
3455,0.0
3456,0.0
3458,0.0
3462,0.0
3464,0.0
3468,0.0
3472,0.0
3473,0.0
3477,0.0
3481,0.0
3487,0.0
3488,0.0
3490,0.0
3500,0.0
3505,0.0
3506,0.0
3511,0.0
3512,0.0
3513,0.0
3523,0.0
3526,0.0
3531,0.0
3532,0.0
3540,0.0
3553,0.0
3558,0.0
3560,0.0
3563,0.0
3567,0.0
3570,0.0
3578,0.0
3580,0.0
3582,0.0
3592,0.0
3594,0.0
3596,0.0
3598,0.0
3609,0.0
3611,0.0
3612,0.0
3617,0.0
3631,0.0
3634,0.0
3637,0.0
3638,0.0
3639,0.0
3643,0.0
3651,0.0
3652,0.0
3653,0.0
3660,0.0
3662,0.0
3668,0.0
3669,0.0
3670,0.0
3672,0.0
3675,0.0
3682,0.0
3685,0.0
3686,0.0
3690,0.0
3694,0.0
3695,0.0
3698,0.0
3699,0.0
3702,0.0
3707,0.0
3708,0.0
3713,0.0
3714,0.0
3716,0.0
3719,0.0
3723,0.0
3727,0.0
3729,0.0
3733,0.0
3736,0.0
3739,0.0
3741,0.0
3742,0.0
3747,0.0
3749,0.0
3752,0.0
3756,0.0
3761,0.0
3762,0.0
3763,0.0
3766,0.0
3769,0.0
3771,0.0
3773,0.0
3781,0.0
3795,0.0
3799,0.0
3805,0.0
3808,0.0
3815,0.0
3816,0.0
3819,0.0
3820,0.0
3823,0.0
3827,0.0
3828,0.0
3830,0.0
3838,0.0
3848,0.0
3850,0.0
3852,0.0
3856,0.0
3865,0.0
3868,0.0
3869,0.0
3875,0.0
3876,0.0
3884,0.0
3885,0.0
3889,0.0
3891,0.0
3897,0.0
3899,0.0
3900,0.0
3902,0.0
3903,0.0
3904,0.0
3905,0.0
3907,0.0
3909,0.0
3917,0.0
3923,0.0
3924,0.0
3927,0.0
3936,0.0
3939,0.0
3942,0.0
3949,0.0
3953,0.0
3969,0.0
3971,0.0
3975,0.0
3977,0.0
3979,0.0
3982,0.0
3984,0.0
3985,0.0
3987,0.0
3988,0.0
3998,0.0
3999,0.0
4001,0.0
4002,0.0
4004,0.0
4011,0.0
4012,0.0
4016,0.0
4021,0.0
4024,0.0
4025,0.0
4026,0.0
4029,0.0
4031,0.0
4032,0.0
4035,0.0
4039,0.0
4041,0.0
4043,0.0
4048,0.0
4049,0.0
4050,0.0
4060,0.0
4064,0.0
4066,0.0
4069,0.0
4070,0.0
4072,0.0
4084,0.0
4089,0.0
4093,0.0
